month_date,app_name,app_group,volume_mn,value_cr,vol_share_pct,val_share_pct,avg_ticket_rs,vol_rank
2024-09-01,PhonePe,PhonePe,7221.22,1030871.00,48.01,49.95,1428,1
2024-09-01,"Google Pay","Google Pay",5625.22,746690.05,37.40,36.18,1327,2
2024-09-01,Paytm,Paytm,1064.62,113351.54,7.08,5.49,1065,3
2024-09-01,CRED,Challengers,140.00,47982.71,0.93,2.32,3427,4
2024-09-01,Navi,Challengers,120.41,6549.10,0.80,0.32,544,5
2024-09-01,"Axis Bank Apps",Challengers,120.38,5986.48,0.80,0.29,497,6
2024-09-01,"Amazon Pay",Challengers,70.98,7845.04,0.47,0.38,1105,7
2024-09-01,"FamApp by Trio",Challengers,61.05,714.29,0.41,0.03,117,8
2024-09-01,"ICICI Bank Apps",Challengers,53.59,21076.12,0.36,1.02,3933,9
2024-09-01,WhatsApp,Challengers,48.75,3586.71,0.32,0.17,736,10
2024-09-01,"Kotak Mahindra Bank Apps",Challengers,47.14,6413.16,0.31,0.31,1360,11
2024-09-01,"HDFC Bank Apps",Challengers,36.14,8997.11,0.24,0.44,2490,12
2024-09-01,"Yes Bank Apps",Challengers,31.27,9777.48,0.21,0.47,3127,13
2024-09-01,BHIM,Challengers,26.39,8466.30,0.18,0.41,3208,14
2024-09-01,super.money,Challengers,25.75,1131.59,0.17,0.05,439,15
2024-09-01,"Airtel Payments Bank Apps",Challengers,17.41,1278.38,0.12,0.06,734,16
2024-09-01,Mobikwik,Challengers,16.07,2964.08,0.11,0.14,1844,17
2024-09-01,Groww,Challengers,13.46,9526.49,0.09,0.46,7078,18
2024-09-01,"Flipkart UPI",Challengers,12.85,734.80,0.09,0.04,572,19
2024-09-01,"Bajaj Finserv",Challengers,11.15,2711.55,0.07,0.13,2432,20
2024-09-01,"Slice Small Finance Bank Apps",Challengers,10.62,792.06,0.07,0.04,746,21
2024-09-01,"State Bank of India Apps",Challengers,9.80,2883.42,0.07,0.14,2942,22
2024-09-01,"IDFC Bank Apps",Challengers,8.33,1838.99,0.06,0.09,2208,23
2024-09-01,"Samsung Pay",Challengers,7.33,564.50,0.05,0.03,770,24
2024-09-01,"India Post Payments Bank Apps",Challengers,6.96,908.78,0.05,0.04,1306,25
2024-09-01,"Federal Bank Apps",Challengers,6.30,918.67,0.04,0.04,1458,26
2024-09-01,"Jupiter Money",Challengers,6.13,810.01,0.04,0.04,1321,27
2024-09-01,"Deutsche Bank Apps",Challengers,3.05,348.90,0.02,0.02,1144,28
2024-09-01,"Canara Bank Apps",Challengers,3.04,799.52,0.02,0.04,2630,29
2024-09-01,"Jio Payments Bank Apps",Challengers,2.79,212.23,0.02,0.01,761,30
2024-09-01,"Punjab National Bank Apps",Challengers,2.74,606.83,0.02,0.03,2215,31
2024-09-01,"Indian Bank Apps",Challengers,2.69,424.89,0.02,0.02,1580,32
2024-09-01,"POP UPI",Challengers,1.81,131.20,0.01,0.01,725,33
2024-09-01,Timepay,Challengers,1.74,15.26,0.01,0.00,88,34
2024-09-01,"RBL Bank Apps",Challengers,1.66,603.44,0.01,0.03,3635,35
2024-09-01,"Omni Card",Challengers,1.31,74.96,0.01,0.00,572,36
2024-09-01,"Bank of Baroda Apps",Challengers,1.12,452.89,0.01,0.02,4044,37
2024-09-01,"Central Bank of India Apps",Challengers,0.97,189.93,0.01,0.01,1958,38
2024-09-01,"Jammu and Kashmir Bank Apps",Challengers,0.77,118.94,0.01,0.01,1545,39
2024-09-01,"Aditya Birla Capital Digital",Challengers,0.72,32.26,0.00,0.00,448,40
2024-09-01,"Union Bank Apps",Challengers,0.62,212.37,0.00,0.01,3425,41
2024-09-01,"South Indian Bank Apps",Challengers,0.60,169.06,0.00,0.01,2818,42
2024-09-01,"DBS Digibank Apps",Challengers,0.52,200.42,0.00,0.01,3854,43
2024-09-01,"HSBC Bank Apps",Challengers,0.51,153.54,0.00,0.01,3011,44
2024-09-01,"Fino Payments Bank Apps",Challengers,0.49,57.89,0.00,0.00,1181,45
2024-09-01,"AU Small Finance Bank Apps",Challengers,0.46,136.87,0.00,0.01,2975,46
2024-09-01,Digikhata,Challengers,0.38,122.41,0.00,0.01,3221,47
2024-09-01,"IndusInd Bank Apps",Challengers,0.36,90.58,0.00,0.00,2516,48
2024-09-01,"Shri Ram One",Challengers,0.35,42.33,0.00,0.00,1209,49
2024-09-01,Kiwi,Challengers,0.29,44.31,0.00,0.00,1528,50
2024-09-01,"Suryoday Bank Apps",Challengers,0.29,0.03,0.00,0.00,1,50
2024-09-01,"UCO Bank Apps",Challengers,0.26,59.89,0.00,0.00,2303,52
2024-09-01,"Tata Pay",Challengers,0.21,40.50,0.00,0.00,1929,53
2024-09-01,"Indian Overseas Bank Apps",Challengers,0.17,48.02,0.00,0.00,2825,54
2024-09-01,"Standard Chartered Bank Apps",Challengers,0.17,108.86,0.00,0.01,6404,54
2024-09-01,"Karnataka Bank Apps",Challengers,0.15,31.93,0.00,0.00,2129,56
2024-09-01,"Bank of India Apps",Challengers,0.15,35.33,0.00,0.00,2355,56
2024-09-01,Dhani,Challengers,0.13,15.76,0.00,0.00,1212,58
2024-09-01,Ultracash,Challengers,0.12,8.71,0.00,0.00,726,59
2024-09-01,"Niyo Global",Challengers,0.09,49.74,0.00,0.00,5527,60
2024-09-01,"IDBI Bank Apps",Challengers,0.09,34.69,0.00,0.00,3854,60
2024-09-01,"NSDL Payments Bank Apps",Challengers,0.08,10.60,0.00,0.00,1325,62
2024-09-01,"City Union Bank Apps",Challengers,0.07,27.34,0.00,0.00,3906,63
2024-09-01,"Tamilnad Mercantile Bank Apps",Challengers,0.07,22.04,0.00,0.00,3149,63
2024-09-01,Rapipay,Challengers,0.06,9.55,0.00,0.00,1592,65
2024-09-01,"Bharat Pe",Challengers,0.06,6.03,0.00,0.00,1005,65
2024-09-01,"True Balance",Challengers,0.05,6.37,0.00,0.00,1274,67
2024-09-01,"One Card",Challengers,0.05,27.93,0.00,0.00,5586,67
2024-09-01,"Karur Vysya Bank Apps",Challengers,0.05,16.83,0.00,0.00,3366,67
2024-09-01,"Salary Se",Challengers,0.04,1.78,0.00,0.00,445,70
2024-09-01,Freo,Challengers,0.04,1.91,0.00,0.00,478,70
2024-09-01,"Punjab Sind Bank Apps",Challengers,0.03,16.39,0.00,0.00,5463,72
2024-09-01,"Equitas Small Finance Bank Apps",Challengers,0.03,24.45,0.00,0.00,8150,72
2024-09-01,"Citi Bank Apps",Challengers,0.03,1.93,0.00,0.00,643,72
2024-09-01,"Allahabad Bank Apps",Challengers,0.02,5.54,0.00,0.00,2770,75
2024-10-01,PhonePe,PhonePe,7905.54,1169290.03,47.67,49.76,1479,1
2024-10-01,"Google Pay","Google Pay",6201.81,849327.38,37.39,36.14,1369,2
2024-10-01,Paytm,Paytm,1165.01,129584.98,7.02,5.51,1112,3
2024-10-01,Navi,Challengers,157.51,8841.90,0.95,0.38,561,4
2024-10-01,CRED,Challengers,152.28,55202.12,0.92,2.35,3625,5
2024-10-01,"Axis Bank Apps",Challengers,139.68,6829.53,0.84,0.29,489,6
2024-10-01,"Amazon Pay",Challengers,79.55,9205.72,0.48,0.39,1157,7
2024-10-01,"FamApp by Trio",Challengers,69.90,825.19,0.42,0.04,118,8
2024-10-01,"ICICI Bank Apps",Challengers,57.54,23686.95,0.35,1.01,4117,9
2024-10-01,WhatsApp,Challengers,55.07,4137.17,0.33,0.18,751,10
2024-10-01,"Kotak Mahindra Bank Apps",Challengers,51.92,7565.22,0.31,0.32,1457,11
2024-10-01,super.money,Challengers,49.68,2167.86,0.30,0.09,436,12
2024-10-01,"HDFC Bank Apps",Challengers,39.41,10427.97,0.24,0.44,2646,13
2024-10-01,"Yes Bank Apps",Challengers,36.79,10245.47,0.22,0.44,2785,14
2024-10-01,BHIM,Challengers,29.90,10170.60,0.18,0.43,3402,15
2024-10-01,"Airtel Payments Bank Apps",Challengers,20.03,1504.36,0.12,0.06,751,16
2024-10-01,Mobikwik,Challengers,17.20,2995.42,0.10,0.13,1742,17
2024-10-01,Groww,Challengers,15.35,11862.09,0.09,0.50,7728,18
2024-10-01,"Flipkart UPI",Challengers,14.62,825.95,0.09,0.04,565,19
2024-10-01,"Slice Small Finance Bank Apps",Challengers,12.19,907.37,0.07,0.04,744,20
2024-10-01,"State Bank of India Apps",Challengers,11.73,3527.88,0.07,0.15,3008,21
2024-10-01,"Bajaj Finserv",Challengers,10.66,2330.26,0.06,0.10,2186,22
2024-10-01,"India Post Payments Bank Apps",Challengers,10.11,1507.56,0.06,0.06,1491,23
2024-10-01,"IDFC Bank Apps",Challengers,9.33,2162.85,0.06,0.09,2318,24
2024-10-01,"Samsung Pay",Challengers,8.56,664.70,0.05,0.03,777,25
2024-10-01,"Jupiter Money",Challengers,6.36,873.89,0.04,0.04,1374,26
2024-10-01,"Fi Money",Challengers,3.44,421.40,0.02,0.02,1225,27
2024-10-01,"Punjab National Bank Apps",Challengers,3.31,785.24,0.02,0.03,2372,28
2024-10-01,"Canara Bank Apps",Challengers,3.27,898.89,0.02,0.04,2749,29
2024-10-01,"Jio Payments Bank Apps",Challengers,3.23,269.69,0.02,0.01,835,30
2024-10-01,"Indian Bank Apps",Challengers,3.11,513.43,0.02,0.02,1651,31
2024-10-01,"Federal Bank Apps",Challengers,2.96,542.57,0.02,0.02,1833,32
2024-10-01,"POP UPI",Challengers,2.93,209.84,0.02,0.01,716,33
2024-10-01,"RBL Bank Apps",Challengers,2.88,723.15,0.02,0.03,2511,34
2024-10-01,"Deutsche Bank Apps",Challengers,2.58,395.32,0.02,0.02,1532,35
2024-10-01,Timepay,Challengers,2.15,18.60,0.01,0.00,87,36
2024-10-01,"Omni Card",Challengers,1.49,96.52,0.01,0.00,648,37
2024-10-01,"Bank of Baroda Apps",Challengers,1.16,499.63,0.01,0.02,4307,38
2024-10-01,"Central Bank of India Apps",Challengers,1.11,219.02,0.01,0.01,1973,39
2024-10-01,"Aditya Birla Capital Digital",Challengers,0.97,37.97,0.01,0.00,391,40
2024-10-01,"Jammu and Kashmir Bank Apps",Challengers,0.83,144.00,0.01,0.01,1735,41
2024-10-01,"Union Bank Apps",Challengers,0.80,282.02,0.00,0.01,3525,42
2024-10-01,"HSBC Bank Apps",Challengers,0.68,179.35,0.00,0.01,2638,43
2024-10-01,"South Indian Bank Apps",Challengers,0.61,179.80,0.00,0.01,2948,44
2024-10-01,"DBS Digibank Apps",Challengers,0.61,214.82,0.00,0.01,3522,44
2024-10-01,"Fino Payments Bank Apps",Challengers,0.58,70.11,0.00,0.00,1209,46
2024-10-01,"AU Small Finance Bank Apps",Challengers,0.49,146.98,0.00,0.01,3000,47
2024-10-01,"Shri Ram One",Challengers,0.47,47.25,0.00,0.00,1005,48
2024-10-01,Digikhata,Challengers,0.46,166.18,0.00,0.01,3613,49
2024-10-01,Kiwi,Challengers,0.41,66.74,0.00,0.00,1628,50
2024-10-01,"IndusInd Bank Apps",Challengers,0.36,93.29,0.00,0.00,2591,51
2024-10-01,"UCO Bank Apps",Challengers,0.31,77.02,0.00,0.00,2485,52
2024-10-01,"Tata Pay",Challengers,0.31,74.80,0.00,0.00,2413,52
2024-10-01,"One Card",Challengers,0.29,261.08,0.00,0.01,9003,54
2024-10-01,"Suryoday Bank Apps",Challengers,0.26,0.05,0.00,0.00,2,55
2024-10-01,"Bank of India Apps",Challengers,0.20,45.85,0.00,0.00,2293,56
2024-10-01,"Indian Overseas Bank Apps",Challengers,0.20,56.07,0.00,0.00,2804,56
2024-10-01,"Standard Chartered Bank Apps",Challengers,0.20,131.83,0.00,0.01,6592,56
2024-10-01,"Karnataka Bank Apps",Challengers,0.16,34.88,0.00,0.00,2180,59
2024-10-01,Dhani,Challengers,0.13,14.62,0.00,0.00,1125,60
2024-10-01,"True Balance",Challengers,0.13,16.51,0.00,0.00,1270,60
2024-10-01,"Niyo Global",Challengers,0.10,55.57,0.00,0.00,5557,62
2024-10-01,"NSDL Payments Bank Apps",Challengers,0.09,12.10,0.00,0.00,1344,63
2024-10-01,Ultracash,Challengers,0.09,5.94,0.00,0.00,660,63
2024-10-01,Rapipay,Challengers,0.08,11.38,0.00,0.00,1423,65
2024-10-01,"City Union Bank Apps",Challengers,0.08,29.97,0.00,0.00,3746,65
2024-10-01,"IDBI Bank Apps",Challengers,0.08,29.72,0.00,0.00,3715,65
2024-10-01,"Tamilnad Mercantile Bank Apps",Challengers,0.07,24.55,0.00,0.00,3507,68
2024-10-01,"Salary Se",Challengers,0.07,3.95,0.00,0.00,564,68
2024-10-01,"ESAF Small Finance Bank Apps",Challengers,0.06,8.57,0.00,0.00,1428,70
2024-10-01,"Bharat Pe",Challengers,0.05,7.27,0.00,0.00,1454,71
2024-10-01,Freo,Challengers,0.05,2.70,0.00,0.00,540,71
2024-10-01,"Karur Vysya Bank Apps",Challengers,0.05,18.40,0.00,0.00,3680,71
2024-10-01,"Equitas Small Finance Bank Apps",Challengers,0.04,29.70,0.00,0.00,7425,74
2024-10-01,"Punjab Sind Bank Apps",Challengers,0.03,16.46,0.00,0.00,5487,75
2024-10-01,Cheq,Challengers,0.02,1.62,0.00,0.00,810,76
2024-11-01,PhonePe,PhonePe,7401.93,1088635.03,47.81,50.51,1471,1
2024-11-01,"Google Pay","Google Pay",5739.12,764639.66,37.07,35.48,1332,2
2024-11-01,Paytm,Paytm,1075.09,118004.06,6.94,5.48,1098,3
2024-11-01,Navi,Challengers,152.95,8806.45,0.99,0.41,576,4
2024-11-01,CRED,Challengers,138.24,50560.48,0.89,2.35,3657,5
2024-11-01,"Axis Bank Apps",Challengers,130.36,6337.84,0.84,0.29,486,6
2024-11-01,super.money,Challengers,78.49,3130.10,0.51,0.15,399,7
2024-11-01,"Amazon Pay",Challengers,71.60,7914.87,0.46,0.37,1105,8
2024-11-01,"FamApp by Trio",Challengers,67.41,777.46,0.44,0.04,115,9
2024-11-01,"ICICI Bank Apps",Challengers,53.71,21498.14,0.35,1.00,4003,10
2024-11-01,WhatsApp,Challengers,51.76,3890.10,0.33,0.18,752,11
2024-11-01,"Kotak Mahindra Bank Apps",Challengers,47.35,6583.09,0.31,0.31,1390,12
2024-11-01,"HDFC Bank Apps",Challengers,36.84,10417.27,0.24,0.48,2828,13
2024-11-01,"Yes Bank Apps",Challengers,35.69,9215.09,0.23,0.43,2582,14
2024-11-01,BHIM,Challengers,27.05,8210.65,0.17,0.38,3035,15
2024-11-01,"Airtel Payments Bank Apps",Challengers,18.60,1389.73,0.12,0.06,747,16
2024-11-01,Mobikwik,Challengers,16.63,2942.38,0.11,0.14,1769,17
2024-11-01,"Flipkart UPI",Challengers,13.25,636.91,0.09,0.03,481,18
2024-11-01,Groww,Challengers,13.22,8479.87,0.09,0.39,6414,19
2024-11-01,"Slice Small Finance Bank Apps",Challengers,11.54,845.13,0.07,0.04,732,20
2024-11-01,"State Bank of India Apps",Challengers,10.46,3035.13,0.07,0.14,2902,21
2024-11-01,"India Post Payments Bank Apps",Challengers,8.91,1131.95,0.06,0.05,1270,22
2024-11-01,"IDFC Bank Apps",Challengers,8.60,1932.32,0.06,0.09,2247,23
2024-11-01,"Bajaj Finserv",Challengers,8.10,1584.15,0.05,0.07,1956,24
2024-11-01,"Samsung Pay",Challengers,7.90,578.99,0.05,0.03,733,25
2024-11-01,"Jupiter Money",Challengers,6.02,825.36,0.04,0.04,1371,26
2024-11-01,"RBL Bank Apps",Challengers,5.03,914.28,0.03,0.04,1818,27
2024-11-01,"POP UPI",Challengers,4.00,267.15,0.03,0.01,668,28
2024-11-01,"Federal Bank Apps",Challengers,3.36,578.23,0.02,0.03,1721,29
2024-11-01,"Punjab National Bank Apps",Challengers,3.31,753.10,0.02,0.03,2275,30
2024-11-01,"Jio Payments Bank Apps",Challengers,3.18,263.81,0.02,0.01,830,31
2024-11-01,"Fi Money",Challengers,3.07,373.29,0.02,0.02,1216,32
2024-11-01,"Canara Bank Apps",Challengers,3.01,802.16,0.02,0.04,2665,33
2024-11-01,"Deutsche Bank Apps",Challengers,2.68,401.03,0.02,0.02,1496,34
2024-11-01,"Indian Bank Apps",Challengers,2.19,410.19,0.01,0.02,1873,35
2024-11-01,Timepay,Challengers,1.72,19.88,0.01,0.00,116,36
2024-11-01,"Omni Card",Challengers,1.35,100.86,0.01,0.00,747,37
2024-11-01,"Central Bank of India Apps",Challengers,1.06,197.17,0.01,0.01,1860,38
2024-11-01,"Bank of Baroda Apps",Challengers,1.01,389.10,0.01,0.02,3852,39
2024-11-01,"Jammu and Kashmir Bank Apps",Challengers,0.79,135.44,0.01,0.01,1714,40
2024-11-01,"Union Bank Apps",Challengers,0.73,238.56,0.00,0.01,3268,41
2024-11-01,Kiwi,Challengers,0.69,106.42,0.00,0.00,1542,42
2024-11-01,"HSBC Bank Apps",Challengers,0.68,176.45,0.00,0.01,2595,43
2024-11-01,"Aditya Birla Capital Digital",Challengers,0.66,30.09,0.00,0.00,456,44
2024-11-01,"South Indian Bank Apps",Challengers,0.59,167.92,0.00,0.01,2846,45
2024-11-01,"DBS Digibank Apps",Challengers,0.57,191.73,0.00,0.01,3364,46
2024-11-01,"Fino Payments Bank Apps",Challengers,0.51,64.81,0.00,0.00,1271,47
2024-11-01,Digikhata,Challengers,0.46,156.43,0.00,0.01,3401,48
2024-11-01,"AU Small Finance Bank Apps",Challengers,0.45,134.47,0.00,0.01,2988,49
2024-11-01,"Shri Ram One",Challengers,0.38,39.72,0.00,0.00,1045,50
2024-11-01,"IndusInd Bank Apps",Challengers,0.36,92.32,0.00,0.00,2564,51
2024-11-01,"One Card",Challengers,0.36,356.22,0.00,0.02,9895,51
2024-11-01,"Tata Pay",Challengers,0.30,78.83,0.00,0.00,2628,53
2024-11-01,"True Balance",Challengers,0.29,33.18,0.00,0.00,1144,54
2024-11-01,"UCO Bank Apps",Challengers,0.28,66.32,0.00,0.00,2369,55
2024-11-01,"Bank of India Apps",Challengers,0.20,55.80,0.00,0.00,2790,56
2024-11-01,"Standard Chartered Bank Apps",Challengers,0.18,114.58,0.00,0.01,6366,57
2024-11-01,"Indian Overseas Bank Apps",Challengers,0.18,49.21,0.00,0.00,2734,57
2024-11-01,"Karnataka Bank Apps",Challengers,0.18,38.31,0.00,0.00,2128,57
2024-11-01,Dhani,Challengers,0.13,13.25,0.00,0.00,1019,60
2024-11-01,"ESAF Small Finance Bank Apps",Challengers,0.12,14.69,0.00,0.00,1224,61
2024-11-01,"Niyo Global",Challengers,0.09,52.41,0.00,0.00,5823,62
2024-11-01,Rapipay,Challengers,0.09,11.70,0.00,0.00,1300,62
2024-11-01,"Suryoday Bank Apps",Challengers,0.08,0.23,0.00,0.00,29,64
2024-11-01,"IDBI Bank Apps",Challengers,0.08,30.01,0.00,0.00,3751,64
2024-11-01,Ultracash,Challengers,0.08,5.71,0.00,0.00,714,64
2024-11-01,"NSDL Payments Bank Apps",Challengers,0.08,9.73,0.00,0.00,1216,64
2024-11-01,"City Union Bank Apps",Challengers,0.07,26.24,0.00,0.00,3749,68
2024-11-01,"Bharat Pe",Challengers,0.07,8.29,0.00,0.00,1184,68
2024-11-01,"Tamilnad Mercantile Bank Apps",Challengers,0.07,23.33,0.00,0.00,3333,68
2024-11-01,"Salary Se",Challengers,0.07,3.75,0.00,0.00,536,68
2024-11-01,Genwise,Challengers,0.06,22.84,0.00,0.00,3807,72
2024-11-01,"Karur Vysya Bank Apps",Challengers,0.05,17.82,0.00,0.00,3564,73
2024-11-01,"Equitas Small Finance Bank Apps",Challengers,0.03,25.69,0.00,0.00,8563,74
2024-11-01,Freo,Challengers,0.03,1.80,0.00,0.00,600,74
2024-11-01,Cheq,Challengers,0.03,1.84,0.00,0.00,613,74
2024-11-01,"Money View",Challengers,0.02,2.77,0.00,0.00,1385,77
2024-11-01,"Punjab Sind Bank Apps",Challengers,0.02,10.76,0.00,0.00,5380,77
2024-11-01,"Spice Money",Challengers,0.02,2.73,0.00,0.00,1365,77
2024-11-01,"Kredit Pe",Challengers,0.02,2.67,0.00,0.00,1335,77
2024-12-01,PhonePe,PhonePe,7984.05,1176300.32,47.72,50.60,1473,1
2024-12-01,"Google Pay","Google Pay",6140.47,822598.36,36.70,35.39,1340,2
2024-12-01,Paytm,Paytm,1150.96,125739.66,6.88,5.41,1092,3
2024-12-01,Navi,Challengers,202.53,11317.09,1.21,0.49,559,4
2024-12-01,CRED,Challengers,143.07,50979.94,0.86,2.19,3563,5
2024-12-01,"Axis Bank Apps",Challengers,128.36,6159.90,0.77,0.26,480,6
2024-12-01,super.money,Challengers,101.81,3866.39,0.61,0.17,380,7
2024-12-01,"Amazon Pay",Challengers,91.94,9330.97,0.55,0.40,1015,8
2024-12-01,"FamApp by Trio",Challengers,75.74,870.68,0.45,0.04,115,9
2024-12-01,"ICICI Bank Apps",Challengers,61.86,21904.55,0.37,0.94,3541,10
2024-12-01,WhatsApp,Challengers,57.85,4348.19,0.35,0.19,752,11
2024-12-01,"Kotak Mahindra Bank Apps",Challengers,52.06,7286.24,0.31,0.31,1400,12
2024-12-01,"HDFC Bank Apps",Challengers,41.84,12526.57,0.25,0.54,2994,13
2024-12-01,"Yes Bank Apps",Challengers,40.98,9216.96,0.24,0.40,2249,14
2024-12-01,BHIM,Challengers,30.22,9170.75,0.18,0.39,3035,15
2024-12-01,"Airtel Payments Bank Apps",Challengers,20.29,1497.32,0.12,0.06,738,16
2024-12-01,Mobikwik,Challengers,20.26,3478.58,0.12,0.15,1717,17
2024-12-01,Groww,Challengers,13.78,9341.27,0.08,0.40,6779,18
2024-12-01,"Flipkart UPI",Challengers,12.75,606.35,0.08,0.03,476,19
2024-12-01,"Slice Small Finance Bank Apps",Challengers,12.06,882.04,0.07,0.04,731,20
2024-12-01,"State Bank of India Apps",Challengers,12.05,3411.38,0.07,0.15,2831,21
2024-12-01,"India Post Payments Bank Apps",Challengers,10.76,1337.10,0.06,0.06,1243,22
2024-12-01,"IDFC Bank Apps",Challengers,9.27,2103.60,0.06,0.09,2269,23
2024-12-01,"Samsung Pay",Challengers,8.59,614.74,0.05,0.03,716,24
2024-12-01,"Bajaj Finserv",Challengers,8.55,1652.53,0.05,0.07,1933,25
2024-12-01,"RBL Bank Apps",Challengers,8.37,1511.43,0.05,0.07,1806,26
2024-12-01,"Jupiter Money",Challengers,6.41,910.03,0.04,0.04,1420,27
2024-12-01,"POP UPI",Challengers,6.20,391.63,0.04,0.02,632,28
2024-12-01,"Federal Bank Apps",Challengers,3.94,673.09,0.02,0.03,1708,29
2024-12-01,"Jio Payments Bank Apps",Challengers,3.46,287.81,0.02,0.01,832,30
2024-12-01,"Deutsche Bank Apps",Challengers,3.37,296.88,0.02,0.01,881,31
2024-12-01,"Punjab National Bank Apps",Challengers,3.32,792.81,0.02,0.03,2388,32
2024-12-01,"Fi Money",Challengers,3.32,412.10,0.02,0.02,1241,32
2024-12-01,"Canara Bank Apps",Challengers,3.20,848.14,0.02,0.04,2650,34
2024-12-01,"Indian Bank Apps",Challengers,2.21,435.17,0.01,0.02,1969,35
2024-12-01,"Omni Card",Challengers,1.45,85.46,0.01,0.00,589,36
2024-12-01,"Central Bank of India Apps",Challengers,1.25,221.54,0.01,0.01,1772,37
2024-12-01,"Jammu and Kashmir Bank Apps",Challengers,1.13,169.43,0.01,0.01,1499,38
2024-12-01,"Bank of Baroda Apps",Challengers,1.12,431.50,0.01,0.02,3853,39
2024-12-01,"DBS Digibank Apps",Challengers,1.07,219.66,0.01,0.01,2053,40
2024-12-01,Timepay,Challengers,1.01,13.49,0.01,0.00,134,41
2024-12-01,"Suryoday Bank Apps",Challengers,0.90,86.33,0.01,0.00,959,42
2024-12-01,"Aditya Birla Capital Digital",Challengers,0.83,37.24,0.00,0.00,449,43
2024-12-01,Kiwi,Challengers,0.81,134.02,0.00,0.01,1655,44
2024-12-01,"Union Bank Apps",Challengers,0.76,255.63,0.00,0.01,3364,45
2024-12-01,"HSBC Bank Apps",Challengers,0.74,195.01,0.00,0.01,2635,46
2024-12-01,"South Indian Bank Apps",Challengers,0.63,181.57,0.00,0.01,2882,47
2024-12-01,"Shri Ram One",Challengers,0.61,57.11,0.00,0.00,936,48
2024-12-01,Digikhata,Challengers,0.56,170.77,0.00,0.01,3049,49
2024-12-01,"Fino Payments Bank Apps",Challengers,0.55,72.04,0.00,0.00,1310,50
2024-12-01,"One Card",Challengers,0.50,549.10,0.00,0.02,10982,51
2024-12-01,"AU Small Finance Bank Apps",Challengers,0.49,151.24,0.00,0.01,3087,52
2024-12-01,"True Balance",Challengers,0.41,21.49,0.00,0.00,524,53
2024-12-01,"IndusInd Bank Apps",Challengers,0.34,87.05,0.00,0.00,2560,54
2024-12-01,"UCO Bank Apps",Challengers,0.32,76.33,0.00,0.00,2385,55
2024-12-01,"Tata Pay",Challengers,0.30,81.20,0.00,0.00,2707,56
2024-12-01,"Indian Overseas Bank Apps",Challengers,0.23,59.70,0.00,0.00,2596,57
2024-12-01,"Bank of India Apps",Challengers,0.22,68.38,0.00,0.00,3108,58
2024-12-01,"Karnataka Bank Apps",Challengers,0.22,47.38,0.00,0.00,2154,58
2024-12-01,"Standard Chartered Bank Apps",Challengers,0.20,123.19,0.00,0.01,6160,60
2024-12-01,"ESAF Small Finance Bank Apps",Challengers,0.19,20.50,0.00,0.00,1079,61
2024-12-01,Dhani,Challengers,0.14,12.18,0.00,0.00,870,62
2024-12-01,"Bharat Pe",Challengers,0.11,13.25,0.00,0.00,1205,63
2024-12-01,Rapipay,Challengers,0.10,12.52,0.00,0.00,1252,64
2024-12-01,"Niyo Global",Challengers,0.10,56.00,0.00,0.00,5600,64
2024-12-01,"IDBI Bank Apps",Challengers,0.10,35.31,0.00,0.00,3531,64
2024-12-01,"Salary Se",Challengers,0.10,4.80,0.00,0.00,480,64
2024-12-01,Ultracash,Challengers,0.09,6.16,0.00,0.00,684,68
2024-12-01,"Ind Money",Challengers,0.08,28.50,0.00,0.00,3563,69
2024-12-01,"City Union Bank Apps",Challengers,0.08,28.56,0.00,0.00,3570,69
2024-12-01,"Tamilnad Mercantile Bank Apps",Challengers,0.08,25.95,0.00,0.00,3244,69
2024-12-01,"Karur Vysya Bank Apps",Challengers,0.07,24.98,0.00,0.00,3569,72
2024-12-01,"NSDL Payments Bank Apps",Challengers,0.07,8.36,0.00,0.00,1194,72
2024-12-01,"Spice Money",Challengers,0.06,5.97,0.00,0.00,995,74
2024-12-01,"Money View",Challengers,0.06,4.42,0.00,0.00,737,74
2024-12-01,"Kredit Pe",Challengers,0.05,6.27,0.00,0.00,1254,76
2024-12-01,"Equitas Small Finance Bank Apps",Challengers,0.04,28.67,0.00,0.00,7168,77
2024-12-01,"Bank of Maharashtra Apps",Challengers,0.04,12.79,0.00,0.00,3198,77
2024-12-01,Genwise,Challengers,0.03,31.68,0.00,0.00,10560,79
2024-12-01,Cheq,Challengers,0.03,2.43,0.00,0.00,810,79
2024-12-01,Freo,Challengers,0.02,1.72,0.00,0.00,860,81
2024-12-01,"Punjab Sind Bank Apps",Challengers,0.02,7.78,0.00,0.00,3890,81
2025-01-01,PhonePe,PhonePe,8102.44,1191303.98,47.67,50.74,1470,1
2025-01-01,"Google Pay","Google Pay",6183.91,826845.07,36.38,35.21,1337,2
2025-01-01,Paytm,Paytm,1152.34,126313.45,6.78,5.38,1096,3
2025-01-01,Navi,Challengers,242.83,13221.33,1.43,0.56,544,4
2025-01-01,CRED,Challengers,137.44,49482.95,0.81,2.11,3600,5
2025-01-01,"Axis Bank Apps",Challengers,126.62,7769.17,0.74,0.33,614,6
2025-01-01,super.money,Challengers,124.83,4565.57,0.73,0.19,366,7
2025-01-01,"Amazon Pay",Challengers,99.95,9843.47,0.59,0.42,985,8
2025-01-01,"FamApp by Trio",Challengers,79.01,896.25,0.46,0.04,113,9
2025-01-01,WhatsApp,Challengers,60.99,4550.41,0.36,0.19,746,10
2025-01-01,"ICICI Bank Apps",Challengers,58.23,18928.62,0.34,0.81,3251,11
2025-01-01,"Kotak Mahindra Bank Apps",Challengers,53.71,7489.75,0.32,0.32,1394,12
2025-01-01,"HDFC Bank Apps",Challengers,49.60,11086.42,0.29,0.47,2235,13
2025-01-01,"Yes Bank Apps",Challengers,41.57,8877.26,0.24,0.38,2135,14
2025-01-01,BHIM,Challengers,33.88,9333.77,0.20,0.40,2755,15
2025-01-01,Mobikwik,Challengers,23.66,3811.43,0.14,0.16,1611,16
2025-01-01,"Airtel Payments Bank Apps",Challengers,20.96,1498.83,0.12,0.06,715,17
2025-01-01,Groww,Challengers,15.40,11200.31,0.09,0.48,7273,18
2025-01-01,"India Post Payments Bank Apps",Challengers,12.57,1509.59,0.07,0.06,1201,19
2025-01-01,"State Bank of India Apps",Challengers,12.49,3515.63,0.07,0.15,2815,20
2025-01-01,"IDFC Bank Apps",Challengers,11.77,2283.04,0.07,0.10,1940,21
2025-01-01,"RBL Bank Apps",Challengers,8.62,1418.15,0.05,0.06,1645,22
2025-01-01,"Samsung Pay",Challengers,8.57,608.41,0.05,0.03,710,23
2025-01-01,"Bajaj Finserv",Challengers,8.19,1649.36,0.05,0.07,2014,24
2025-01-01,"POP UPI",Challengers,8.10,431.96,0.05,0.02,533,25
2025-01-01,"Slice Small Finance Bank Apps",Challengers,7.88,569.95,0.05,0.02,723,26
2025-01-01,"Flipkart UPI",Challengers,7.58,393.64,0.04,0.02,519,27
2025-01-01,"Jupiter Money",Challengers,6.31,913.95,0.04,0.04,1448,28
2025-01-01,"Federal Bank Apps",Challengers,4.30,744.89,0.03,0.03,1732,29
2025-01-01,"Jio Payments Bank Apps",Challengers,3.66,293.42,0.02,0.01,802,30
2025-01-01,"Punjab National Bank Apps",Challengers,3.45,864.80,0.02,0.04,2507,31
2025-01-01,"Canara Bank Apps",Challengers,3.36,884.57,0.02,0.04,2633,32
2025-01-01,"Deutsche Bank Apps",Challengers,3.32,322.75,0.02,0.01,972,33
2025-01-01,"Fi Money",Challengers,3.25,401.64,0.02,0.02,1236,34
2025-01-01,"Indian Bank Apps",Challengers,2.07,437.00,0.01,0.02,2111,35
2025-01-01,Timepay,Challengers,1.80,22.39,0.01,0.00,124,36
2025-01-01,"Suryoday Bank Apps",Challengers,1.74,323.72,0.01,0.01,1860,37
2025-01-01,"Jammu and Kashmir Bank Apps",Challengers,1.62,212.89,0.01,0.01,1314,38
2025-01-01,"Omni Card",Challengers,1.49,96.00,0.01,0.00,644,39
2025-01-01,"Central Bank of India Apps",Challengers,1.34,237.42,0.01,0.01,1772,40
2025-01-01,"Bank of Baroda Apps",Challengers,1.23,442.03,0.01,0.02,3594,41
2025-01-01,"DBS Digibank Apps",Challengers,1.13,225.49,0.01,0.01,1995,42
2025-01-01,"Aditya Birla Capital Digital",Challengers,0.93,39.03,0.01,0.00,420,43
2025-01-01,Kiwi,Challengers,0.82,141.60,0.00,0.01,1727,44
2025-01-01,"HSBC Bank Apps",Challengers,0.82,201.79,0.00,0.01,2461,44
2025-01-01,"Union Bank Apps",Challengers,0.75,257.23,0.00,0.01,3430,46
2025-01-01,"One Card",Challengers,0.70,799.37,0.00,0.03,11420,47
2025-01-01,"South Indian Bank Apps",Challengers,0.65,192.73,0.00,0.01,2965,48
2025-01-01,Digikhata,Challengers,0.64,194.07,0.00,0.01,3032,49
2025-01-01,"Ind Money",Challengers,0.63,293.14,0.00,0.01,4653,50
2025-01-01,"Shri Ram One",Challengers,0.60,63.97,0.00,0.00,1066,51
2025-01-01,"Fino Payments Bank Apps",Challengers,0.59,78.97,0.00,0.00,1338,52
2025-01-01,"AU Small Finance Bank Apps",Challengers,0.50,154.35,0.00,0.01,3087,53
2025-01-01,"UCO Bank Apps",Challengers,0.34,85.35,0.00,0.00,2510,54
2025-01-01,"Tata Pay",Challengers,0.30,89.22,0.00,0.00,2974,55
2025-01-01,"IndusInd Bank Apps",Challengers,0.26,58.26,0.00,0.00,2241,56
2025-01-01,"Indian Overseas Bank Apps",Challengers,0.25,66.56,0.00,0.00,2662,57
2025-01-01,"Karnataka Bank Apps",Challengers,0.25,52.98,0.00,0.00,2119,57
2025-01-01,"ESAF Small Finance Bank Apps",Challengers,0.24,26.70,0.00,0.00,1113,59
2025-01-01,"Bank of India Apps",Challengers,0.24,78.25,0.00,0.00,3260,59
2025-01-01,"True Balance",Challengers,0.23,9.01,0.00,0.00,392,61
2025-01-01,"Bharat Pe",Challengers,0.21,19.64,0.00,0.00,935,62
2025-01-01,"Standard Chartered Bank Apps",Challengers,0.20,123.89,0.00,0.01,6195,63
2025-01-01,"Salary Se",Challengers,0.16,7.76,0.00,0.00,485,64
2025-01-01,Dhani,Challengers,0.15,7.72,0.00,0.00,515,65
2025-01-01,"Money View",Challengers,0.12,9.77,0.00,0.00,814,66
2025-01-01,Rapipay,Challengers,0.11,13.96,0.00,0.00,1269,67
2025-01-01,"IDBI Bank Apps",Challengers,0.11,41.84,0.00,0.00,3804,67
2025-01-01,"Niyo Global",Challengers,0.10,48.75,0.00,0.00,4875,69
2025-01-01,Ultracash,Challengers,0.09,6.74,0.00,0.00,749,70
2025-01-01,"Kredit Pe",Challengers,0.09,11.04,0.00,0.00,1227,70
2025-01-01,"City Union Bank Apps",Challengers,0.08,29.52,0.00,0.00,3690,72
2025-01-01,"Karur Vysya Bank Apps",Challengers,0.08,29.32,0.00,0.00,3665,72
2025-01-01,"Tamilnad Mercantile Bank Apps",Challengers,0.08,26.96,0.00,0.00,3370,72
2025-01-01,"Spice Money",Challengers,0.08,7.67,0.00,0.00,959,72
2025-01-01,"NSDL Payments Bank Apps",Challengers,0.07,8.35,0.00,0.00,1193,76
2025-01-01,Genwise,Challengers,0.05,29.81,0.00,0.00,5962,77
2025-01-01,"Bank of Maharashtra Apps",Challengers,0.04,15.22,0.00,0.00,3805,78
2025-01-01,"Equitas Small Finance Bank Apps",Challengers,0.04,28.47,0.00,0.00,7118,78
2025-01-01,Cheq,Challengers,0.03,2.39,0.00,0.00,797,80
2025-01-01,"Punjab Sind Bank Apps",Challengers,0.03,11.60,0.00,0.00,3867,80
2025-01-01,Freo,Challengers,0.02,1.55,0.00,0.00,775,82
2025-02-01,PhonePe,PhonePe,7656.40,1118963.81,47.54,50.94,1461,1
2025-02-01,"Google Pay","Google Pay",5836.80,771089.15,36.24,35.11,1321,2
2025-02-01,Paytm,Paytm,1079.64,117090.29,6.70,5.33,1085,3
2025-02-01,Navi,Challengers,260.75,14322.97,1.62,0.65,549,4
2025-02-01,super.money,Challengers,139.10,4812.44,0.86,0.22,346,5
2025-02-01,CRED,Challengers,126.48,45127.72,0.79,2.05,3568,6
2025-02-01,"Axis Bank Apps",Challengers,117.70,9197.33,0.73,0.42,781,7
2025-02-01,"Amazon Pay",Challengers,93.31,9077.30,0.58,0.41,973,8
2025-02-01,"FamApp by Trio",Challengers,77.08,876.12,0.48,0.04,114,9
2025-02-01,WhatsApp,Challengers,58.86,4349.62,0.37,0.20,739,10
2025-02-01,"ICICI Bank Apps",Challengers,54.11,14374.53,0.34,0.65,2657,11
2025-02-01,"Kotak Mahindra Bank Apps",Challengers,50.53,6872.10,0.31,0.31,1360,12
2025-02-01,"HDFC Bank Apps",Challengers,47.98,10547.64,0.30,0.48,2198,13
2025-02-01,"Yes Bank Apps",Challengers,37.78,8385.06,0.23,0.38,2219,14
2025-02-01,BHIM,Challengers,36.88,8475.29,0.23,0.39,2298,15
2025-02-01,Mobikwik,Challengers,24.19,3733.72,0.15,0.17,1543,16
2025-02-01,"Airtel Payments Bank Apps",Challengers,18.99,1349.23,0.12,0.06,710,17
2025-02-01,"Slice Small Finance Bank Apps",Challengers,15.31,1742.71,0.10,0.08,1138,18
2025-02-01,Groww,Challengers,12.81,8383.73,0.08,0.38,6545,19
2025-02-01,"India Post Payments Bank Apps",Challengers,12.27,1463.53,0.08,0.07,1193,20
2025-02-01,"IDFC Bank Apps",Challengers,11.98,2158.30,0.07,0.10,1802,21
2025-02-01,"State Bank of India Apps",Challengers,11.68,3197.67,0.07,0.15,2738,22
2025-02-01,"RBL Bank Apps",Challengers,8.86,1421.89,0.06,0.06,1605,23
2025-02-01,"Bajaj Finserv",Challengers,8.39,1707.51,0.05,0.08,2035,24
2025-02-01,"Samsung Pay",Challengers,8.09,576.30,0.05,0.03,712,25
2025-02-01,"POP UPI",Challengers,7.27,419.36,0.05,0.02,577,26
2025-02-01,"Jupiter Money",Challengers,5.95,858.34,0.04,0.04,1443,27
2025-02-01,"Flipkart UPI",Challengers,4.42,238.42,0.03,0.01,539,28
2025-02-01,"Federal Bank Apps",Challengers,4.08,715.26,0.03,0.03,1753,29
2025-02-01,"Jio Payments Bank Apps",Challengers,3.66,290.56,0.02,0.01,794,30
2025-02-01,"Canara Bank Apps",Challengers,3.25,837.13,0.02,0.04,2576,31
2025-02-01,"Punjab National Bank Apps",Challengers,3.19,809.91,0.02,0.04,2539,32
2025-02-01,"Deutsche Bank Apps",Challengers,3.12,442.68,0.02,0.02,1419,33
2025-02-01,"Fi Money",Challengers,2.99,377.32,0.02,0.02,1262,34
2025-02-01,Timepay,Challengers,2.19,28.77,0.01,0.00,131,35
2025-02-01,"IndusInd Bank Apps",Challengers,1.76,307.45,0.01,0.01,1747,36
2025-02-01,"Bank of Baroda Apps",Challengers,1.72,472.44,0.01,0.02,2747,37
2025-02-01,"Jammu and Kashmir Bank Apps",Challengers,1.57,216.84,0.01,0.01,1381,38
2025-02-01,"Omni Card",Challengers,1.41,93.44,0.01,0.00,663,39
2025-02-01,"Central Bank of India Apps",Challengers,1.36,233.31,0.01,0.01,1716,40
2025-02-01,"Shri Ram One",Challengers,1.16,81.10,0.01,0.00,699,41
2025-02-01,"Suryoday Bank Apps",Challengers,1.12,193.28,0.01,0.01,1726,42
2025-02-01,Kiwi,Challengers,1.01,155.81,0.01,0.01,1543,43
2025-02-01,"DBS Digibank Apps",Challengers,1.00,202.69,0.01,0.01,2027,44
2025-02-01,"HSBC Bank Apps",Challengers,0.82,186.70,0.01,0.01,2277,45
2025-02-01,"Ind Money",Challengers,0.78,357.98,0.00,0.02,4589,46
2025-02-01,"Aditya Birla Capital Digital",Challengers,0.70,29.68,0.00,0.00,424,47
2025-02-01,Digikhata,Challengers,0.68,208.81,0.00,0.01,3071,48
2025-02-01,"Union Bank Apps",Challengers,0.67,225.15,0.00,0.01,3360,49
2025-02-01,"One Card",Challengers,0.66,742.49,0.00,0.03,11250,50
2025-02-01,"Bharat Pe",Challengers,0.62,41.42,0.00,0.00,668,51
2025-02-01,"South Indian Bank Apps",Challengers,0.62,178.11,0.00,0.01,2873,51
2025-02-01,"Indian Bank Apps",Challengers,0.61,168.69,0.00,0.01,2765,53
2025-02-01,"Fino Payments Bank Apps",Challengers,0.53,68.54,0.00,0.00,1293,54
2025-02-01,"AU Small Finance Bank Apps",Challengers,0.49,148.93,0.00,0.01,3039,55
2025-02-01,"UCO Bank Apps",Challengers,0.35,89.18,0.00,0.00,2548,56
2025-02-01,"Salary Se",Challengers,0.30,15.64,0.00,0.00,521,57
2025-02-01,"Tata Pay",Challengers,0.30,92.32,0.00,0.00,3077,57
2025-02-01,"Indian Overseas Bank Apps",Challengers,0.27,67.20,0.00,0.00,2489,59
2025-02-01,"ESAF Small Finance Bank Apps",Challengers,0.27,26.81,0.00,0.00,993,59
2025-02-01,"Bank of India Apps",Challengers,0.24,75.45,0.00,0.00,3144,61
2025-02-01,"Karnataka Bank Apps",Challengers,0.23,50.92,0.00,0.00,2214,62
2025-02-01,"Standard Chartered Bank Apps",Challengers,0.20,114.12,0.00,0.01,5706,63
2025-02-01,Dhani,Challengers,0.15,7.35,0.00,0.00,490,64
2025-02-01,"Money View",Challengers,0.15,15.33,0.00,0.00,1022,64
2025-02-01,"True Balance",Challengers,0.13,4.64,0.00,0.00,357,66
2025-02-01,"Kredit Pe",Challengers,0.12,16.73,0.00,0.00,1394,67
2025-02-01,Rapipay,Challengers,0.12,14.62,0.00,0.00,1218,67
2025-02-01,"Spice Money",Challengers,0.10,9.88,0.00,0.00,988,69
2025-02-01,"Niyo Global",Challengers,0.09,46.26,0.00,0.00,5140,70
2025-02-01,"IDBI Bank Apps",Challengers,0.09,32.23,0.00,0.00,3581,70
2025-02-01,Ultracash,Challengers,0.09,6.62,0.00,0.00,736,70
2025-02-01,"City Union Bank Apps",Challengers,0.08,28.98,0.00,0.00,3623,73
2025-02-01,"Karur Vysya Bank Apps",Challengers,0.08,28.60,0.00,0.00,3575,73
2025-02-01,"Tamilnad Mercantile Bank Apps",Challengers,0.08,26.47,0.00,0.00,3309,73
2025-02-01,"NSDL Payments Bank Apps",Challengers,0.08,8.12,0.00,0.00,1015,73
2025-02-01,Genwise,Challengers,0.07,24.26,0.00,0.00,3466,77
2025-02-01,Freo,Challengers,0.04,2.36,0.00,0.00,590,78
2025-02-01,Cheq,Challengers,0.03,2.44,0.00,0.00,813,79
2025-02-01,"Punjab Sind Bank Apps",Challengers,0.03,9.76,0.00,0.00,3253,79
2025-02-01,"Bank of Maharashtra Apps",Challengers,0.02,9.03,0.00,0.00,4515,81
2025-03-01,PhonePe,PhonePe,8647.78,1257075.54,47.25,50.75,1454,1
2025-03-01,"Google Pay","Google Pay",6596.76,866568.18,36.04,34.98,1314,2
2025-03-01,Paytm,Paytm,1221.12,132912.04,6.67,5.37,1088,3
2025-03-01,Navi,Challengers,324.42,18018.65,1.77,0.73,555,4
2025-03-01,super.money,Challengers,171.75,5933.08,0.94,0.24,345,5
2025-03-01,"Axis Bank Apps",Challengers,145.78,9966.53,0.80,0.40,684,6
2025-03-01,CRED,Challengers,144.82,55091.22,0.79,2.22,3804,7
2025-03-01,"Amazon Pay",Challengers,111.06,10606.66,0.61,0.43,955,8
2025-03-01,"FamApp by Trio",Challengers,89.94,1099.28,0.49,0.04,122,9
2025-03-01,"ICICI Bank Apps",Challengers,67.63,16696.94,0.37,0.67,2469,10
2025-03-01,WhatsApp,Challengers,66.23,4958.25,0.36,0.20,749,11
2025-03-01,"HDFC Bank Apps",Challengers,60.94,11789.90,0.33,0.48,1935,12
2025-03-01,"Kotak Mahindra Bank Apps",Challengers,57.05,7737.14,0.31,0.31,1356,13
2025-03-01,BHIM,Challengers,46.13,9540.09,0.25,0.39,2068,14
2025-03-01,"Yes Bank Apps",Challengers,44.03,9388.85,0.24,0.38,2132,15
2025-03-01,Mobikwik,Challengers,29.80,4414.00,0.16,0.18,1481,16
2025-03-01,"Airtel Payments Bank Apps",Challengers,21.63,1487.89,0.12,0.06,688,17
2025-03-01,"Slice Small Finance Bank Apps",Challengers,17.41,2069.31,0.10,0.08,1189,18
2025-03-01,"India Post Payments Bank Apps",Challengers,16.58,1941.73,0.09,0.08,1171,19
2025-03-01,"IDFC Bank Apps",Challengers,14.53,2486.08,0.08,0.10,1711,20
2025-03-01,"State Bank of India Apps",Challengers,12.61,3418.04,0.07,0.14,2711,21
2025-03-01,"RBL Bank Apps",Challengers,12.59,1741.69,0.07,0.07,1383,22
2025-03-01,Groww,Challengers,11.63,7009.63,0.06,0.28,6027,23
2025-03-01,"Bajaj Finserv",Challengers,9.66,1892.01,0.05,0.08,1959,24
2025-03-01,"Samsung Pay",Challengers,8.95,642.73,0.05,0.03,718,25
2025-03-01,"POP UPI",Challengers,8.53,449.95,0.05,0.02,527,26
2025-03-01,"Jupiter Money",Challengers,6.49,958.52,0.04,0.04,1477,27
2025-03-01,"Federal Bank Apps",Challengers,4.75,869.77,0.03,0.04,1831,28
2025-03-01,"Flipkart UPI",Challengers,4.72,257.82,0.03,0.01,546,29
2025-03-01,"Jio Payments Bank Apps",Challengers,4.08,318.20,0.02,0.01,780,30
2025-03-01,"Canara Bank Apps",Challengers,3.75,975.91,0.02,0.04,2602,31
2025-03-01,"Deutsche Bank Apps",Challengers,3.62,532.05,0.02,0.02,1470,32
2025-03-01,"Punjab National Bank Apps",Challengers,3.38,898.95,0.02,0.04,2660,33
2025-03-01,"Fi Money",Challengers,3.25,434.16,0.02,0.02,1336,34
2025-03-01,Timepay,Challengers,3.07,37.66,0.02,0.00,123,35
2025-03-01,"Bank of Baroda Apps",Challengers,2.11,588.95,0.01,0.02,2791,36
2025-03-01,"IndusInd Bank Apps",Challengers,2.04,346.00,0.01,0.01,1696,37
2025-03-01,"Shri Ram One",Challengers,1.75,116.77,0.01,0.00,667,38
2025-03-01,"Jammu and Kashmir Bank Apps",Challengers,1.75,261.45,0.01,0.01,1494,38
2025-03-01,"Omni Card",Challengers,1.59,86.51,0.01,0.00,544,40
2025-03-01,"Central Bank of India Apps",Challengers,1.57,268.00,0.01,0.01,1707,41
2025-03-01,Kiwi,Challengers,1.41,213.93,0.01,0.01,1517,42
2025-03-01,"Suryoday Bank Apps",Challengers,1.26,178.92,0.01,0.01,1420,43
2025-03-01,"Bharat Pe",Challengers,1.07,68.67,0.01,0.00,642,44
2025-03-01,"DBS Digibank Apps",Challengers,1.02,230.21,0.01,0.01,2257,45
2025-03-01,"HSBC Bank Apps",Challengers,1.00,224.84,0.01,0.01,2248,46
2025-03-01,"Ind Money",Challengers,0.95,436.80,0.01,0.02,4598,47
2025-03-01,"Aditya Birla Capital Digital",Challengers,0.88,39.97,0.00,0.00,454,48
2025-03-01,"One Card",Challengers,0.82,973.00,0.00,0.04,11866,49
2025-03-01,Digikhata,Challengers,0.80,258.58,0.00,0.01,3232,50
2025-03-01,"Union Bank Apps",Challengers,0.72,241.09,0.00,0.01,3348,51
2025-03-01,"South Indian Bank Apps",Challengers,0.68,204.88,0.00,0.01,3013,52
2025-03-01,"Indian Bank Apps",Challengers,0.64,176.18,0.00,0.01,2753,53
2025-03-01,"AU Small Finance Bank Apps",Challengers,0.59,174.06,0.00,0.01,2950,54
2025-03-01,"Fino Payments Bank Apps",Challengers,0.58,63.84,0.00,0.00,1101,55
2025-03-01,"Standard Chartered Bank Apps",Challengers,0.50,146.46,0.00,0.01,2929,56
2025-03-01,"UCO Bank Apps",Challengers,0.44,110.34,0.00,0.00,2508,57
2025-03-01,"Tata Pay",Challengers,0.38,111.95,0.00,0.00,2946,58
2025-03-01,"ESAF Small Finance Bank Apps",Challengers,0.38,40.78,0.00,0.00,1073,58
2025-03-01,"Salary Se",Challengers,0.36,18.23,0.00,0.00,506,60
2025-03-01,"Bank of India Apps",Challengers,0.27,86.10,0.00,0.00,3189,61
2025-03-01,"Indian Overseas Bank Apps",Challengers,0.26,60.29,0.00,0.00,2319,62
2025-03-01,"Karnataka Bank Apps",Challengers,0.25,57.72,0.00,0.00,2309,63
2025-03-01,"Kredit Pe",Challengers,0.19,26.43,0.00,0.00,1391,64
2025-03-01,"Money View",Challengers,0.18,18.99,0.00,0.00,1055,65
2025-03-01,Dhani,Challengers,0.17,8.44,0.00,0.00,496,66
2025-03-01,"Spice Money",Challengers,0.16,12.87,0.00,0.00,804,67
2025-03-01,Rapipay,Challengers,0.14,17.08,0.00,0.00,1220,68
2025-03-01,"IDBI Bank Apps",Challengers,0.13,45.74,0.00,0.00,3518,69
2025-03-01,Ultracash,Challengers,0.11,8.67,0.00,0.00,788,70
2025-03-01,"Niyo Global",Challengers,0.11,54.39,0.00,0.00,4945,70
2025-03-01,"True Balance",Challengers,0.10,3.41,0.00,0.00,341,72
2025-03-01,"Karur Vysya Bank Apps",Challengers,0.09,33.66,0.00,0.00,3740,73
2025-03-01,"City Union Bank Apps",Challengers,0.09,31.31,0.00,0.00,3479,73
2025-03-01,"Tamilnad Mercantile Bank Apps",Challengers,0.08,29.48,0.00,0.00,3685,75
2025-03-01,Genwise,Challengers,0.07,28.34,0.00,0.00,4049,76
2025-03-01,Freo,Challengers,0.05,3.87,0.00,0.00,774,77
2025-03-01,"NSDL Payments Bank Apps",Challengers,0.04,5.54,0.00,0.00,1385,78
2025-03-01,Cheq,Challengers,0.03,2.43,0.00,0.00,810,79
2025-03-01,"Bank of Maharashtra Apps",Challengers,0.03,9.11,0.00,0.00,3037,79
2025-03-01,"Punjab Sind Bank Apps",Challengers,0.03,9.19,0.00,0.00,3063,79
2025-04-01,PhonePe,PhonePe,8362.31,1205047.30,46.73,50.32,1441,1
2025-04-01,"Google Pay","Google Pay",6488.55,842628.56,36.26,35.18,1299,2
2025-04-01,Paytm,Paytm,1210.24,131153.97,6.76,5.48,1084,3
2025-04-01,Navi,Challengers,344.21,18841.19,1.92,0.79,547,4
2025-04-01,super.money,Challengers,175.24,5924.95,0.98,0.25,338,5
2025-04-01,CRED,Challengers,134.67,49753.00,0.75,2.08,3694,6
2025-04-01,"Axis Bank Apps",Challengers,120.05,9147.64,0.67,0.38,762,7
2025-04-01,"FamApp by Trio",Challengers,99.91,1241.80,0.56,0.05,124,8
2025-04-01,"Amazon Pay",Challengers,98.26,9966.68,0.55,0.42,1014,9
2025-04-01,WhatsApp,Challengers,67.40,5065.44,0.38,0.21,752,10
2025-04-01,"ICICI Bank Apps",Challengers,58.11,16223.97,0.32,0.68,2792,11
2025-04-01,"Kotak Mahindra Bank Apps",Challengers,57.73,7681.65,0.32,0.32,1331,12
2025-04-01,"HDFC Bank Apps",Challengers,57.46,11947.75,0.32,0.50,2079,13
2025-04-01,BHIM,Challengers,53.57,10363.27,0.30,0.43,1935,14
2025-04-01,"Yes Bank Apps",Challengers,48.30,9059.27,0.27,0.38,1876,15
2025-04-01,Mobikwik,Challengers,31.70,4277.05,0.18,0.18,1349,16
2025-04-01,"Airtel Payments Bank Apps",Challengers,20.40,1416.39,0.11,0.06,694,17
2025-04-01,"Slice Small Finance Bank Apps",Challengers,17.81,2120.01,0.10,0.09,1190,18
2025-04-01,"IDFC Bank Apps",Challengers,16.09,2435.24,0.09,0.10,1514,19
2025-04-01,"India Post Payments Bank Apps",Challengers,14.76,1738.65,0.08,0.07,1178,20
2025-04-01,"RBL Bank Apps",Challengers,14.09,1653.13,0.08,0.07,1173,21
2025-04-01,"State Bank of India Apps",Challengers,13.16,3524.25,0.07,0.15,2678,22
2025-04-01,Groww,Challengers,12.37,8788.46,0.07,0.37,7105,23
2025-04-01,"POP UPI",Challengers,10.38,445.95,0.06,0.02,430,24
2025-04-01,"Bajaj Finserv",Challengers,10.25,2002.37,0.06,0.08,1954,25
2025-04-01,"Samsung Pay",Challengers,8.72,619.96,0.05,0.03,711,26
2025-04-01,"Jupiter Money",Challengers,6.15,900.17,0.03,0.04,1464,27
2025-04-01,"Federal Bank Apps",Challengers,4.89,894.05,0.03,0.04,1828,28
2025-04-01,"Jio Payments Bank Apps",Challengers,4.21,315.88,0.02,0.01,750,29
2025-04-01,"Canara Bank Apps",Challengers,3.71,970.18,0.02,0.04,2615,30
2025-04-01,"Deutsche Bank Apps",Challengers,3.56,647.42,0.02,0.03,1819,31
2025-04-01,"Flipkart UPI",Challengers,3.47,195.89,0.02,0.01,565,32
2025-04-01,"Punjab National Bank Apps",Challengers,3.40,912.54,0.02,0.04,2684,33
2025-04-01,Timepay,Challengers,3.12,40.66,0.02,0.00,130,34
2025-04-01,"Fi Money",Challengers,3.01,396.69,0.02,0.02,1318,35
2025-04-01,Kiwi,Challengers,2.41,297.79,0.01,0.01,1236,36
2025-04-01,"IndusInd Bank Apps",Challengers,2.17,345.61,0.01,0.01,1593,37
2025-04-01,"Jammu and Kashmir Bank Apps",Challengers,2.11,281.40,0.01,0.01,1334,38
2025-04-01,"Shri Ram One",Challengers,2.09,137.77,0.01,0.01,659,39
2025-04-01,"Bank of Baroda Apps",Challengers,1.90,567.22,0.01,0.02,2985,40
2025-04-01,"Standard Chartered Bank Apps",Challengers,1.90,158.39,0.01,0.01,834,40
2025-04-01,"Omni Card",Challengers,1.57,84.95,0.01,0.00,541,42
2025-04-01,"Central Bank of India Apps",Challengers,1.54,263.72,0.01,0.01,1712,43
2025-04-01,"DBS Digibank Apps",Challengers,1.10,213.38,0.01,0.01,1940,44
2025-04-01,"Ind Money",Challengers,1.05,541.53,0.01,0.02,5157,45
2025-04-01,"HSBC Bank Apps",Challengers,0.88,107.13,0.00,0.00,1217,46
2025-04-01,Digikhata,Challengers,0.80,254.47,0.00,0.01,3181,47
2025-04-01,"Bharat Pe",Challengers,0.78,59.59,0.00,0.00,764,48
2025-04-01,"Suryoday Bank Apps",Challengers,0.75,135.57,0.00,0.01,1808,49
2025-04-01,"One Card",Challengers,0.74,842.35,0.00,0.04,11383,50
2025-04-01,"Union Bank Apps",Challengers,0.72,243.46,0.00,0.01,3381,51
2025-04-01,"Indian Bank Apps",Challengers,0.70,186.42,0.00,0.01,2663,52
2025-04-01,"South Indian Bank Apps",Challengers,0.68,200.19,0.00,0.01,2944,53
2025-04-01,"Aditya Birla Capital Digital",Challengers,0.63,32.69,0.00,0.00,519,54
2025-04-01,"AU Small Finance Bank Apps",Challengers,0.57,178.31,0.00,0.01,3128,55
2025-04-01,"Fino Payments Bank Apps",Challengers,0.51,54.60,0.00,0.00,1071,56
2025-04-01,"UCO Bank Apps",Challengers,0.46,116.70,0.00,0.00,2537,57
2025-04-01,"ESAF Small Finance Bank Apps",Challengers,0.44,52.11,0.00,0.00,1184,58
2025-04-01,"Tata Pay",Challengers,0.39,118.54,0.00,0.00,3039,59
2025-04-01,"Salary Se",Challengers,0.37,17.58,0.00,0.00,475,60
2025-04-01,"Bank of India Apps",Challengers,0.30,90.46,0.00,0.00,3015,61
2025-04-01,"Indian Overseas Bank Apps",Challengers,0.27,63.56,0.00,0.00,2354,62
2025-04-01,"Karnataka Bank Apps",Challengers,0.24,58.02,0.00,0.00,2418,63
2025-04-01,"Money View",Challengers,0.23,25.72,0.00,0.00,1118,64
2025-04-01,"Kredit Pe",Challengers,0.22,28.84,0.00,0.00,1311,65
2025-04-01,"Spice Money",Challengers,0.17,12.63,0.00,0.00,743,66
2025-04-01,Dhani,Challengers,0.16,7.15,0.00,0.00,447,67
2025-04-01,Rapipay,Challengers,0.15,16.93,0.00,0.00,1129,68
2025-04-01,"IDBI Bank Apps",Challengers,0.13,47.44,0.00,0.00,3649,69
2025-04-01,"Niyo Global",Challengers,0.11,58.73,0.00,0.00,5339,70
2025-04-01,Ultracash,Challengers,0.10,8.26,0.00,0.00,826,71
2025-04-01,"Karur Vysya Bank Apps",Challengers,0.09,33.47,0.00,0.00,3719,72
2025-04-01,"True Balance",Challengers,0.09,3.02,0.00,0.00,336,72
2025-04-01,"Tamilnad Mercantile Bank Apps",Challengers,0.09,31.21,0.00,0.00,3468,72
2025-04-01,"City Union Bank Apps",Challengers,0.08,29.30,0.00,0.00,3663,75
2025-04-01,Genwise,Challengers,0.07,27.48,0.00,0.00,3926,76
2025-04-01,"NSDL Payments Bank Apps",Challengers,0.06,6.78,0.00,0.00,1130,77
2025-04-01,Freo,Challengers,0.04,2.60,0.00,0.00,650,78
2025-04-01,Obopay,Challengers,0.04,4.79,0.00,0.00,1198,78
2025-04-01,"Unity Small Finance Bank Apps",Challengers,0.03,6.73,0.00,0.00,2243,80
2025-04-01,"Punjab Sind Bank Apps",Challengers,0.03,9.50,0.00,0.00,3167,80
2025-04-01,Cheq,Challengers,0.02,1.72,0.00,0.00,860,82
2025-04-01,"Bank of Maharashtra Apps",Challengers,0.02,6.66,0.00,0.00,3330,82
2025-05-01,PhonePe,PhonePe,8682.08,1256541.09,46.48,49.98,1447,1
2025-05-01,"Google Pay","Google Pay",6740.42,884735.12,36.09,35.19,1313,2
2025-05-01,Paytm,Paytm,1277.56,138068.97,6.84,5.49,1081,3
2025-05-01,Navi,Challengers,386.21,21350.35,2.07,0.85,553,4
2025-05-01,super.money,Challengers,203.42,7054.28,1.09,0.28,347,5
2025-05-01,CRED,Challengers,141.95,55242.72,0.76,2.20,3892,6
2025-05-01,"Axis Bank Apps",Challengers,120.03,9683.82,0.64,0.39,807,7
2025-05-01,"FamApp by Trio",Challengers,110.38,1415.40,0.59,0.06,128,8
2025-05-01,"Amazon Pay",Challengers,98.68,10343.44,0.53,0.41,1048,9
2025-05-01,WhatsApp,Challengers,70.19,5280.89,0.38,0.21,752,10
2025-05-01,BHIM,Challengers,64.60,11243.73,0.35,0.45,1741,11
2025-05-01,"HDFC Bank Apps",Challengers,63.19,14806.60,0.34,0.59,2343,12
2025-05-01,"Kotak Mahindra Bank Apps",Challengers,59.74,7862.60,0.32,0.31,1316,13
2025-05-01,"ICICI Bank Apps",Challengers,59.47,16689.54,0.32,0.66,2806,14
2025-05-01,"Yes Bank Apps",Challengers,53.52,9518.96,0.29,0.38,1779,15
2025-05-01,Mobikwik,Challengers,33.92,4674.33,0.18,0.19,1378,16
2025-05-01,"Airtel Payments Bank Apps",Challengers,20.14,1447.35,0.11,0.06,719,17
2025-05-01,"Slice Small Finance Bank Apps",Challengers,19.85,2330.22,0.11,0.09,1174,18
2025-05-01,"India Post Payments Bank Apps",Challengers,16.51,1834.83,0.09,0.07,1111,19
2025-05-01,"IDFC Bank Apps",Challengers,16.21,2493.29,0.09,0.10,1538,20
2025-05-01,"POP UPI",Challengers,13.59,500.88,0.07,0.02,369,21
2025-05-01,"State Bank of India Apps",Challengers,13.48,3700.30,0.07,0.15,2745,22
2025-05-01,"RBL Bank Apps",Challengers,13.27,1762.42,0.07,0.07,1328,23
2025-05-01,Groww,Challengers,12.14,8443.05,0.06,0.34,6955,24
2025-05-01,"Bajaj Finserv",Challengers,10.67,2219.95,0.06,0.09,2081,25
2025-05-01,"Samsung Pay",Challengers,9.14,656.92,0.05,0.03,719,26
2025-05-01,"Jupiter Money",Challengers,6.40,950.85,0.03,0.04,1486,27
2025-05-01,"Federal Bank Apps",Challengers,5.09,982.11,0.03,0.04,1929,28
2025-05-01,"Jio Payments Bank Apps",Challengers,4.70,341.19,0.03,0.01,726,29
2025-05-01,"Deutsche Bank Apps",Challengers,4.02,723.88,0.02,0.03,1801,30
2025-05-01,Timepay,Challengers,3.90,50.01,0.02,0.00,128,31
2025-05-01,"Canara Bank Apps",Challengers,3.85,992.90,0.02,0.04,2579,32
2025-05-01,"Punjab National Bank Apps",Challengers,3.60,953.88,0.02,0.04,2650,33
2025-05-01,Kiwi,Challengers,3.58,428.68,0.02,0.02,1197,34
2025-05-01,"Flipkart UPI",Challengers,3.23,187.83,0.02,0.01,582,35
2025-05-01,"Standard Chartered Bank Apps",Challengers,3.02,180.55,0.02,0.01,598,36
2025-05-01,"Fi Money",Challengers,2.99,407.88,0.02,0.02,1364,37
2025-05-01,"Shri Ram One",Challengers,2.58,165.88,0.01,0.01,643,38
2025-05-01,"Jammu and Kashmir Bank Apps",Challengers,2.36,308.47,0.01,0.01,1307,39
2025-05-01,"IndusInd Bank Apps",Challengers,1.99,258.89,0.01,0.01,1301,40
2025-05-01,"Bank of Baroda Apps",Challengers,1.80,528.32,0.01,0.02,2935,41
2025-05-01,"Omni Card",Challengers,1.63,92.27,0.01,0.00,566,42
2025-05-01,"Central Bank of India Apps",Challengers,1.56,268.09,0.01,0.01,1719,43
2025-05-01,"Ind Money",Challengers,1.30,560.96,0.01,0.02,4315,44
2025-05-01,"Suryoday Bank Apps",Challengers,1.25,218.46,0.01,0.01,1748,45
2025-05-01,"DBS Digibank Apps",Challengers,1.06,226.65,0.01,0.01,2138,46
2025-05-01,"HSBC Bank Apps",Challengers,1.03,124.36,0.01,0.00,1207,47
2025-05-01,Digikhata,Challengers,0.87,282.69,0.00,0.01,3249,48
2025-05-01,"Indian Bank Apps",Challengers,0.80,202.18,0.00,0.01,2527,49
2025-05-01,"One Card",Challengers,0.80,954.81,0.00,0.04,11935,49
2025-05-01,"Bharat Pe",Challengers,0.74,58.21,0.00,0.00,787,51
2025-05-01,"Union Bank Apps",Challengers,0.73,241.85,0.00,0.01,3313,52
2025-05-01,"South Indian Bank Apps",Challengers,0.71,211.09,0.00,0.01,2973,53
2025-05-01,"AU Small Finance Bank Apps",Challengers,0.60,184.67,0.00,0.01,3078,54
2025-05-01,"ESAF Small Finance Bank Apps",Challengers,0.57,63.39,0.00,0.00,1112,55
2025-05-01,"Fino Payments Bank Apps",Challengers,0.54,56.90,0.00,0.00,1054,56
2025-05-01,"Aditya Birla Capital Digital",Challengers,0.49,26.92,0.00,0.00,549,57
2025-05-01,"UCO Bank Apps",Challengers,0.48,122.06,0.00,0.00,2543,58
2025-05-01,"Tata Pay",Challengers,0.45,132.55,0.00,0.01,2946,59
2025-05-01,"Salary Se",Challengers,0.43,20.47,0.00,0.00,476,60
2025-05-01,"Money View",Challengers,0.32,31.91,0.00,0.00,997,61
2025-05-01,"Kredit Pe",Challengers,0.32,35.29,0.00,0.00,1103,61
2025-05-01,"Bank of India Apps",Challengers,0.30,91.04,0.00,0.00,3035,63
2025-05-01,"Indian Overseas Bank Apps",Challengers,0.27,64.81,0.00,0.00,2400,64
2025-05-01,"Karnataka Bank Apps",Challengers,0.25,59.72,0.00,0.00,2389,65
2025-05-01,"Spice Money",Challengers,0.20,14.26,0.00,0.00,713,66
2025-05-01,Dhani,Challengers,0.17,8.63,0.00,0.00,508,67
2025-05-01,"NSDL Payments Bank Apps",Challengers,0.17,16.25,0.00,0.00,956,67
2025-05-01,Rapipay,Challengers,0.17,19.16,0.00,0.00,1127,67
2025-05-01,"IDBI Bank Apps",Challengers,0.13,49.81,0.00,0.00,3832,70
2025-05-01,Ultracash,Challengers,0.10,7.77,0.00,0.00,777,71
2025-05-01,"True Balance",Challengers,0.10,3.01,0.00,0.00,301,71
2025-05-01,"Karur Vysya Bank Apps",Challengers,0.10,35.02,0.00,0.00,3502,71
2025-05-01,"Tamilnad Mercantile Bank Apps",Challengers,0.09,32.95,0.00,0.00,3661,74
2025-05-01,"Niyo Global",Challengers,0.07,25.75,0.00,0.00,3679,75
2025-05-01,"City Union Bank Apps",Challengers,0.07,29.97,0.00,0.00,4281,75
2025-05-01,Obopay,Challengers,0.06,8.77,0.00,0.00,1462,77
2025-05-01,"Unity Small Finance Bank Apps",Challengers,0.06,12.79,0.00,0.00,2132,77
2025-05-01,Freo,Challengers,0.04,2.27,0.00,0.00,568,79
2025-05-01,Payworld,Challengers,0.03,2.21,0.00,0.00,737,80
2025-05-01,"Punjab Sind Bank Apps",Challengers,0.02,8.87,0.00,0.00,4435,81
2025-05-01,"Bank of Maharashtra Apps",Challengers,0.02,7.44,0.00,0.00,3720,81
2025-06-01,PhonePe,PhonePe,8547.04,1198690.03,46.46,49.86,1402,1
2025-06-01,"Google Pay","Google Pay",6540.92,840931.06,35.56,34.98,1286,2
2025-06-01,Paytm,Paytm,1269.16,134171.16,6.90,5.58,1057,3
2025-06-01,Navi,Challengers,406.01,21814.51,2.21,0.91,537,4
2025-06-01,super.money,Challengers,218.96,7716.48,1.19,0.32,352,5
2025-06-01,CRED,Challengers,138.32,51384.11,0.75,2.14,3715,6
2025-06-01,"Axis Bank Apps",Challengers,126.27,9388.51,0.69,0.39,744,7
2025-06-01,"FamApp by Trio",Challengers,112.75,1439.64,0.61,0.06,128,8
2025-06-01,"Amazon Pay",Challengers,93.25,9942.48,0.51,0.41,1066,9
2025-06-01,BHIM,Challengers,73.07,11725.85,0.40,0.49,1605,10
2025-06-01,WhatsApp,Challengers,67.48,4989.34,0.37,0.21,739,11
2025-06-01,"HDFC Bank Apps",Challengers,67.46,14297.80,0.37,0.59,2119,12
2025-06-01,"ICICI Bank Apps",Challengers,61.82,15983.92,0.34,0.66,2586,13
2025-06-01,"Kotak Mahindra Bank Apps",Challengers,60.36,7735.27,0.33,0.32,1282,14
2025-06-01,"Yes Bank Apps",Challengers,52.55,8917.32,0.29,0.37,1697,15
2025-06-01,Mobikwik,Challengers,34.43,4600.71,0.19,0.19,1336,16
2025-06-01,"POP UPI",Challengers,32.33,834.39,0.18,0.03,258,17
2025-06-01,"Airtel Payments Bank Apps",Challengers,19.74,1368.20,0.11,0.06,693,18
2025-06-01,"Slice Small Finance Bank Apps",Challengers,17.76,2317.46,0.10,0.10,1305,19
2025-06-01,"IDFC Bank Apps",Challengers,17.44,2481.31,0.09,0.10,1423,20
2025-06-01,"India Post Payments Bank Apps",Challengers,16.65,1730.46,0.09,0.07,1039,21
2025-06-01,"State Bank of India Apps",Challengers,13.35,3591.53,0.07,0.15,2690,22
2025-06-01,Groww,Challengers,12.46,8801.55,0.07,0.37,7064,23
2025-06-01,"Bajaj Finserv",Challengers,11.40,2351.65,0.06,0.10,2063,24
2025-06-01,"RBL Bank Apps",Challengers,10.70,1587.67,0.06,0.07,1484,25
2025-06-01,"Samsung Pay",Challengers,8.81,624.29,0.05,0.03,709,26
2025-06-01,"Jupiter Money",Challengers,5.99,905.62,0.03,0.04,1512,27
2025-06-01,"Federal Bank Apps",Challengers,5.22,1006.22,0.03,0.04,1928,28
2025-06-01,"Jio Payments Bank Apps",Challengers,4.26,308.69,0.02,0.01,725,29
2025-06-01,"Deutsche Bank Apps",Challengers,4.02,723.95,0.02,0.03,1801,30
2025-06-01,Timepay,Challengers,3.96,50.49,0.02,0.00,128,31
2025-06-01,"Canara Bank Apps",Challengers,3.49,911.93,0.02,0.04,2613,32
2025-06-01,"Punjab National Bank Apps",Challengers,3.46,917.08,0.02,0.04,2651,33
2025-06-01,Kiwi,Challengers,3.43,385.72,0.02,0.02,1125,34
2025-06-01,"Fi Money",Challengers,2.75,375.21,0.01,0.02,1364,35
2025-06-01,"Flipkart UPI",Challengers,2.52,144.64,0.01,0.01,574,36
2025-06-01,"Jammu and Kashmir Bank Apps",Challengers,2.41,316.86,0.01,0.01,1315,37
2025-06-01,"Shri Ram One",Challengers,2.16,144.64,0.01,0.01,670,38
2025-06-01,"Bank of Baroda Apps",Challengers,1.77,497.24,0.01,0.02,2809,39
2025-06-01,"Standard Chartered Bank Apps",Challengers,1.74,165.08,0.01,0.01,949,40
2025-06-01,"Omni Card",Challengers,1.62,93.83,0.01,0.00,579,41
2025-06-01,"Ind Money",Challengers,1.41,558.23,0.01,0.02,3959,42
2025-06-01,"IndusInd Bank Apps",Challengers,1.31,173.24,0.01,0.01,1322,43
2025-06-01,"NSDL Payments Bank Apps",Challengers,1.19,48.41,0.01,0.00,407,44
2025-06-01,"HSBC Bank Apps",Challengers,1.02,122.16,0.01,0.01,1198,45
2025-06-01,"Central Bank of India Apps",Challengers,0.93,186.91,0.01,0.01,2010,46
2025-06-01,"Suryoday Bank Apps",Challengers,0.90,121.41,0.00,0.01,1349,47
2025-06-01,Digikhata,Challengers,0.88,287.21,0.00,0.01,3264,48
2025-06-01,"DBS Digibank Apps",Challengers,0.87,222.97,0.00,0.01,2563,49
2025-06-01,"Indian Bank Apps",Challengers,0.87,203.68,0.00,0.01,2341,49
2025-06-01,"Union Bank Apps",Challengers,0.74,236.20,0.00,0.01,3192,51
2025-06-01,"South Indian Bank Apps",Challengers,0.73,208.33,0.00,0.01,2854,52
2025-06-01,"One Card",Challengers,0.73,834.56,0.00,0.03,11432,52
2025-06-01,"AU Small Finance Bank Apps",Challengers,0.62,184.72,0.00,0.01,2979,54
2025-06-01,"ESAF Small Finance Bank Apps",Challengers,0.57,58.00,0.00,0.00,1018,55
2025-06-01,"Fino Payments Bank Apps",Challengers,0.54,53.51,0.00,0.00,991,56
2025-06-01,"Bharat Pe",Challengers,0.54,46.14,0.00,0.00,854,56
2025-06-01,"UCO Bank Apps",Challengers,0.51,125.51,0.00,0.01,2461,58
2025-06-01,"Tata Pay",Challengers,0.47,134.16,0.00,0.01,2854,59
2025-06-01,"Salary Se",Challengers,0.46,21.59,0.00,0.00,469,60
2025-06-01,"Kredit Pe",Challengers,0.43,42.00,0.00,0.00,977,61
2025-06-01,"Aditya Birla Capital Digital",Challengers,0.37,42.70,0.00,0.00,1154,62
2025-06-01,"Money View",Challengers,0.34,38.22,0.00,0.00,1124,63
2025-06-01,"Indian Overseas Bank Apps",Challengers,0.28,67.04,0.00,0.00,2394,64
2025-06-01,"Bank of India Apps",Challengers,0.28,82.52,0.00,0.00,2947,64
2025-06-01,"Karnataka Bank Apps",Challengers,0.25,57.35,0.00,0.00,2294,66
2025-06-01,"Spice Money",Challengers,0.20,14.16,0.00,0.00,708,67
2025-06-01,Rapipay,Challengers,0.17,19.48,0.00,0.00,1146,68
2025-06-01,Dhani,Challengers,0.17,7.65,0.00,0.00,450,68
2025-06-01,"IDBI Bank Apps",Challengers,0.14,49.11,0.00,0.00,3508,70
2025-06-01,Ultracash,Challengers,0.10,7.45,0.00,0.00,745,71
2025-06-01,"Karur Vysya Bank Apps",Challengers,0.10,35.57,0.00,0.00,3557,71
2025-06-01,"Tamilnad Mercantile Bank Apps",Challengers,0.09,32.85,0.00,0.00,3650,73
2025-06-01,Obopay,Challengers,0.08,11.38,0.00,0.00,1423,74
2025-06-01,"City Union Bank Apps",Challengers,0.08,29.99,0.00,0.00,3749,74
2025-06-01,"True Balance",Challengers,0.07,2.20,0.00,0.00,314,76
2025-06-01,"Unity Small Finance Bank Apps",Challengers,0.07,16.01,0.00,0.00,2287,76
2025-06-01,"Niyo Global",Challengers,0.06,14.82,0.00,0.00,2470,78
2025-06-01,Freo,Challengers,0.03,2.23,0.00,0.00,743,79
2025-06-01,Payworld,Challengers,0.03,1.96,0.00,0.00,653,79
2025-06-01,"Bank of Maharashtra Apps",Challengers,0.02,8.31,0.00,0.00,4155,81
2025-07-01,PhonePe,PhonePe,8931.24,1220140.68,45.88,48.64,1366,1
2025-07-01,"Google Pay","Google Pay",6922.92,891297.38,35.56,35.53,1287,2
2025-07-01,Paytm,Paytm,1366.05,143650.62,7.02,5.73,1052,3
2025-07-01,Navi,Challengers,444.06,23562.51,2.28,0.94,531,4
2025-07-01,super.money,Challengers,252.85,9018.71,1.30,0.36,357,5
2025-07-01,CRED,Challengers,144.38,55259.90,0.74,2.20,3827,6
2025-07-01,"FamApp by Trio",Challengers,125.00,1563.58,0.64,0.06,125,7
2025-07-01,"Axis Bank Apps",Challengers,123.44,9773.39,0.63,0.39,792,8
2025-07-01,"Amazon Pay",Challengers,100.53,10813.98,0.52,0.43,1076,9
2025-07-01,BHIM,Challengers,87.13,14522.39,0.45,0.58,1667,10
2025-07-01,WhatsApp,Challengers,74.60,5412.58,0.38,0.22,726,11
2025-07-01,"ICICI Bank Apps",Challengers,71.33,17102.36,0.37,0.68,2398,12
2025-07-01,"Kotak Mahindra Bank Apps",Challengers,66.63,8497.73,0.34,0.34,1275,13
2025-07-01,"HDFC Bank Apps",Challengers,64.97,15430.59,0.33,0.62,2375,14
2025-07-01,"POP UPI",Challengers,63.63,1539.48,0.33,0.06,242,15
2025-07-01,"Yes Bank Apps",Challengers,55.60,9491.62,0.29,0.38,1707,16
2025-07-01,Mobikwik,Challengers,43.17,5578.43,0.22,0.22,1292,17
2025-07-01,"Airtel Payments Bank Apps",Challengers,21.34,1509.17,0.11,0.06,707,18
2025-07-01,"Slice Small Finance Bank Apps",Challengers,19.83,2586.22,0.10,0.10,1304,19
2025-07-01,"India Post Payments Bank Apps",Challengers,18.16,1759.02,0.09,0.07,969,20
2025-07-01,"IDFC Bank Apps",Challengers,18.08,2707.93,0.09,0.11,1498,21
2025-07-01,Groww,Challengers,14.06,11012.81,0.07,0.44,7833,22
2025-07-01,"State Bank of India Apps",Challengers,12.26,3633.07,0.06,0.14,2963,23
2025-07-01,"Bajaj Finserv",Challengers,10.87,2516.08,0.06,0.10,2315,24
2025-07-01,"Samsung Pay",Challengers,9.34,669.72,0.05,0.03,717,25
2025-07-01,"RBL Bank Apps",Challengers,8.54,1388.70,0.04,0.06,1626,26
2025-07-01,"Jupiter Money",Challengers,6.30,981.50,0.03,0.04,1558,27
2025-07-01,"Federal Bank Apps",Challengers,5.86,1163.18,0.03,0.05,1985,28
2025-07-01,"Jio Payments Bank Apps",Challengers,4.47,306.58,0.02,0.01,686,29
2025-07-01,"Deutsche Bank Apps",Challengers,4.43,770.63,0.02,0.03,1740,30
2025-07-01,"Canara Bank Apps",Challengers,4.05,1018.59,0.02,0.04,2515,31
2025-07-01,"Punjab National Bank Apps",Challengers,3.67,980.66,0.02,0.04,2672,32
2025-07-01,Timepay,Challengers,3.14,47.40,0.02,0.00,151,33
2025-07-01,Kiwi,Challengers,2.85,323.87,0.01,0.01,1136,34
2025-07-01,"Fi Money",Challengers,2.84,400.92,0.01,0.02,1412,35
2025-07-01,"NSDL Payments Bank Apps",Challengers,2.78,110.25,0.01,0.00,397,36
2025-07-01,"Flipkart UPI",Challengers,2.70,155.64,0.01,0.01,576,37
2025-07-01,"Jammu and Kashmir Bank Apps",Challengers,2.62,343.24,0.01,0.01,1310,38
2025-07-01,"Shri Ram One",Challengers,2.38,155.72,0.01,0.01,654,39
2025-07-01,"Bank of Baroda Apps",Challengers,2.01,529.28,0.01,0.02,2633,40
2025-07-01,"Ind Money",Challengers,1.86,730.24,0.01,0.03,3926,41
2025-07-01,"Omni Card",Challengers,1.73,98.15,0.01,0.00,567,42
2025-07-01,"IndusInd Bank Apps",Challengers,1.26,178.71,0.01,0.01,1418,43
2025-07-01,"Indian Bank Apps",Challengers,1.11,255.91,0.01,0.01,2305,44
2025-07-01,"HSBC Bank Apps",Challengers,1.09,135.52,0.01,0.01,1243,45
2025-07-01,"Suryoday Bank Apps",Challengers,1.06,151.82,0.01,0.01,1432,46
2025-07-01,Digikhata,Challengers,1.01,320.50,0.01,0.01,3173,47
2025-07-01,"Standard Chartered Bank Apps",Challengers,0.99,150.81,0.01,0.01,1523,48
2025-07-01,"Bharat Pe",Challengers,0.92,62.45,0.00,0.00,679,49
2025-07-01,"DBS Digibank Apps",Challengers,0.88,222.49,0.00,0.01,2528,50
2025-07-01,"Central Bank of India Apps",Challengers,0.86,186.24,0.00,0.01,2166,51
2025-07-01,"South Indian Bank Apps",Challengers,0.83,240.25,0.00,0.01,2895,52
2025-07-01,"Union Bank Apps",Challengers,0.79,259.13,0.00,0.01,3280,53
2025-07-01,"One Card",Challengers,0.78,918.16,0.00,0.04,11771,54
2025-07-01,"Money View",Challengers,0.71,64.31,0.00,0.00,906,55
2025-07-01,"AU Small Finance Bank Apps",Challengers,0.65,201.78,0.00,0.01,3104,56
2025-07-01,"Kredit Pe",Challengers,0.60,54.67,0.00,0.00,911,57
2025-07-01,"ESAF Small Finance Bank Apps",Challengers,0.59,64.58,0.00,0.00,1095,58
2025-07-01,"UCO Bank Apps",Challengers,0.57,140.44,0.00,0.01,2464,59
2025-07-01,"Fino Payments Bank Apps",Challengers,0.55,55.18,0.00,0.00,1003,60
2025-07-01,"Salary Se",Challengers,0.50,22.32,0.00,0.00,446,61
2025-07-01,"Tata Pay",Challengers,0.49,144.20,0.00,0.01,2943,62
2025-07-01,"Aditya Birla Capital Digital",Challengers,0.39,23.14,0.00,0.00,593,63
2025-07-01,"Bank of India Apps",Challengers,0.31,95.70,0.00,0.00,3087,64
2025-07-01,"Indian Overseas Bank Apps",Challengers,0.29,69.35,0.00,0.00,2391,65
2025-07-01,"Karnataka Bank Apps",Challengers,0.26,61.44,0.00,0.00,2363,66
2025-07-01,"Spice Money",Challengers,0.26,21.44,0.00,0.00,825,66
2025-07-01,Rapipay,Challengers,0.22,23.19,0.00,0.00,1054,68
2025-07-01,Dhani,Challengers,0.20,8.73,0.00,0.00,437,69
2025-07-01,"IDBI Bank Apps",Challengers,0.16,60.93,0.00,0.00,3808,70
2025-07-01,"True Balance",Challengers,0.13,4.22,0.00,0.00,325,71
2025-07-01,Ultracash,Challengers,0.11,7.70,0.00,0.00,700,72
2025-07-01,"Karur Vysya Bank Apps",Challengers,0.11,38.44,0.00,0.00,3495,72
2025-07-01,Obopay,Challengers,0.11,15.31,0.00,0.00,1392,72
2025-07-01,"Tamilnad Mercantile Bank Apps",Challengers,0.10,33.72,0.00,0.00,3372,75
2025-07-01,"Niyo Global",Challengers,0.08,20.06,0.00,0.00,2508,76
2025-07-01,"City Union Bank Apps",Challengers,0.07,27.83,0.00,0.00,3976,77
2025-07-01,"Unity Small Finance Bank Apps",Challengers,0.07,16.97,0.00,0.00,2424,77
2025-07-01,Freo,Challengers,0.04,2.57,0.00,0.00,643,79
2025-07-01,Payworld,Challengers,0.04,3.27,0.00,0.00,818,79
2025-07-01,"Utkarsh Small Finance Bank Apps",Challengers,0.02,3.19,0.00,0.00,1595,81
2025-07-01,"Bank of Maharashtra Apps",Challengers,0.02,8.09,0.00,0.00,4045,81
2025-07-01,Jar,Challengers,0.02,0.50,0.00,0.00,250,81
2025-07-01,"Punjab Sind Bank Apps",Challengers,0.02,7.28,0.00,0.00,3640,81
2025-08-01,PhonePe,PhonePe,9152.54,1199457.73,45.74,48.26,1311,1
2025-08-01,"Google Pay","Google Pay",7063.76,883682.27,35.30,35.55,1251,2
2025-08-01,Paytm,Paytm,1407.23,143484.97,7.03,5.77,1020,3
2025-08-01,Navi,Challengers,504.45,25396.91,2.52,1.02,503,4
2025-08-01,super.money,Challengers,256.64,9290.21,1.28,0.37,362,5
2025-08-01,CRED,Challengers,150.00,55756.24,0.75,2.24,3717,6
2025-08-01,"FamApp by Trio",Challengers,135.65,1708.85,0.68,0.07,126,7
2025-08-01,"Axis Bank Apps",Challengers,135.14,9812.52,0.68,0.39,726,8
2025-08-01,BHIM,Challengers,100.17,15002.68,0.50,0.60,1498,9
2025-08-01,"Amazon Pay",Challengers,98.98,10830.80,0.49,0.44,1094,10
2025-08-01,WhatsApp,Challengers,78.21,5583.34,0.39,0.22,714,11
2025-08-01,"ICICI Bank Apps",Challengers,75.80,16589.76,0.38,0.67,2189,12
2025-08-01,"HDFC Bank Apps",Challengers,72.86,16120.19,0.36,0.65,2212,13
2025-08-01,"Kotak Mahindra Bank Apps",Challengers,71.87,8662.31,0.36,0.35,1205,14
2025-08-01,"Yes Bank Apps",Challengers,54.33,9428.15,0.27,0.38,1735,15
2025-08-01,Mobikwik,Challengers,48.14,6010.88,0.24,0.24,1249,16
2025-08-01,"POP UPI",Challengers,44.53,1694.22,0.22,0.07,380,17
2025-08-01,"Airtel Payments Bank Apps",Challengers,21.40,1650.42,0.11,0.07,771,18
2025-08-01,"Slice Small Finance Bank Apps",Challengers,20.75,2716.15,0.10,0.11,1309,19
2025-08-01,"India Post Payments Bank Apps",Challengers,19.58,1892.61,0.10,0.08,967,20
2025-08-01,"IDFC Bank Apps",Challengers,17.48,2728.37,0.09,0.11,1561,21
2025-08-01,Groww,Challengers,13.01,9001.87,0.07,0.36,6919,22
2025-08-01,"State Bank of India Apps",Challengers,12.99,3668.47,0.06,0.15,2824,23
2025-08-01,"Bajaj Finserv",Challengers,11.63,2456.88,0.06,0.10,2113,24
2025-08-01,"Samsung Pay",Challengers,9.90,682.42,0.05,0.03,689,25
2025-08-01,"RBL Bank Apps",Challengers,9.29,1456.85,0.05,0.06,1568,26
2025-08-01,"Federal Bank Apps",Challengers,6.55,1295.01,0.03,0.05,1977,27
2025-08-01,"Jupiter Money",Challengers,6.49,998.01,0.03,0.04,1538,28
2025-08-01,"Bharat Pe",Challengers,4.69,233.82,0.02,0.01,499,29
2025-08-01,"Jio Payments Bank Apps",Challengers,4.65,319.72,0.02,0.01,688,30
2025-08-01,"Canara Bank Apps",Challengers,4.27,1028.07,0.02,0.04,2408,31
2025-08-01,"Deutsche Bank Apps",Challengers,4.24,774.19,0.02,0.03,1826,32
2025-08-01,"Punjab National Bank Apps",Challengers,3.79,964.86,0.02,0.04,2546,33
2025-08-01,"NSDL Payments Bank Apps",Challengers,3.59,198.74,0.02,0.01,554,34
2025-08-01,"Flipkart UPI",Challengers,3.46,194.88,0.02,0.01,563,35
2025-08-01,Timepay,Challengers,2.98,43.77,0.01,0.00,147,36
2025-08-01,"Fi Money",Challengers,2.77,391.19,0.01,0.02,1412,37
2025-08-01,Kiwi,Challengers,2.69,305.39,0.01,0.01,1135,38
2025-08-01,"Shri Ram One",Challengers,2.61,159.27,0.01,0.01,610,39
2025-08-01,"Jammu and Kashmir Bank Apps",Challengers,2.47,334.59,0.01,0.01,1355,40
2025-08-01,"Bank of Baroda Apps",Challengers,2.39,508.85,0.01,0.02,2129,41
2025-08-01,"Ind Money",Challengers,2.15,758.73,0.01,0.03,3529,42
2025-08-01,"IndusInd Bank Apps",Challengers,1.91,238.35,0.01,0.01,1248,43
2025-08-01,"Omni Card",Challengers,1.82,113.40,0.01,0.00,623,44
2025-08-01,"Suryoday Bank Apps",Challengers,1.46,111.94,0.01,0.00,767,45
2025-08-01,"Indian Bank Apps",Challengers,1.26,281.53,0.01,0.01,2234,46
2025-08-01,"HSBC Bank Apps",Challengers,1.21,151.55,0.01,0.01,1252,47
2025-08-01,Digikhata,Challengers,1.10,365.04,0.01,0.01,3319,48
2025-08-01,"Money View",Challengers,1.03,74.94,0.01,0.00,728,49
2025-08-01,"South Indian Bank Apps",Challengers,0.90,248.87,0.00,0.01,2765,50
2025-08-01,"Union Bank Apps",Challengers,0.84,259.85,0.00,0.01,3093,51
2025-08-01,"One Card",Challengers,0.76,884.64,0.00,0.04,11640,52
2025-08-01,"DBS Digibank Apps",Challengers,0.75,252.29,0.00,0.01,3364,53
2025-08-01,"Kredit Pe",Challengers,0.71,60.21,0.00,0.00,848,54
2025-08-01,"Central Bank of India Apps",Challengers,0.71,161.42,0.00,0.01,2274,54
2025-08-01,"Fino Payments Bank Apps",Challengers,0.69,68.05,0.00,0.00,986,56
2025-08-01,"AU Small Finance Bank Apps",Challengers,0.68,208.06,0.00,0.01,3060,57
2025-08-01,"ESAF Small Finance Bank Apps",Challengers,0.59,63.66,0.00,0.00,1079,58
2025-08-01,"UCO Bank Apps",Challengers,0.53,130.16,0.00,0.01,2456,59
2025-08-01,"Salary Se",Challengers,0.53,24.31,0.00,0.00,459,59
2025-08-01,"Tata Pay",Challengers,0.52,155.47,0.00,0.01,2990,61
2025-08-01,"Aditya Birla Capital Digital",Challengers,0.42,28.13,0.00,0.00,670,62
2025-08-01,"Bank of India Apps",Challengers,0.30,93.60,0.00,0.00,3120,63
2025-08-01,"Spice Money",Challengers,0.30,26.10,0.00,0.00,870,63
2025-08-01,"Karnataka Bank Apps",Challengers,0.27,60.71,0.00,0.00,2249,65
2025-08-01,"Indian Overseas Bank Apps",Challengers,0.26,64.38,0.00,0.00,2476,66
2025-08-01,"Standard Chartered Bank Apps",Challengers,0.26,123.33,0.00,0.00,4743,66
2025-08-01,Rapipay,Challengers,0.24,25.00,0.00,0.00,1042,68
2025-08-01,Dhani,Challengers,0.22,9.85,0.00,0.00,448,69
2025-08-01,"IDBI Bank Apps",Challengers,0.17,67.08,0.00,0.00,3946,70
2025-08-01,"True Balance",Challengers,0.15,4.90,0.00,0.00,327,71
2025-08-01,Obopay,Challengers,0.11,16.77,0.00,0.00,1525,72
2025-08-01,"Karur Vysya Bank Apps",Challengers,0.11,38.33,0.00,0.00,3485,72
2025-08-01,Ultracash,Challengers,0.10,7.48,0.00,0.00,748,74
2025-08-01,"Tamilnad Mercantile Bank Apps",Challengers,0.10,33.36,0.00,0.00,3336,74
2025-08-01,"Niyo Global",Challengers,0.09,22.11,0.00,0.00,2457,76
2025-08-01,"City Union Bank Apps",Challengers,0.07,28.22,0.00,0.00,4031,77
2025-08-01,"Unity Small Finance Bank Apps",Challengers,0.07,19.76,0.00,0.00,2823,77
2025-08-01,Payworld,Challengers,0.04,4.00,0.00,0.00,1000,79
2025-08-01,Jar,Challengers,0.04,1.14,0.00,0.00,285,79
2025-08-01,Freo,Challengers,0.04,2.43,0.00,0.00,608,79
2025-08-01,"Utkarsh Small Finance Bank Apps",Challengers,0.03,4.18,0.00,0.00,1393,82
2025-08-01,"Punjab Sind Bank Apps",Challengers,0.02,6.63,0.00,0.00,3315,83
2025-09-01,PhonePe,PhonePe,8961.78,1203787.91,45.65,48.35,1343,1
2025-09-01,"Google Pay","Google Pay",6832.93,873639.91,34.80,35.09,1279,2
2025-09-01,Paytm,Paytm,1394.07,145134.78,7.10,5.83,1041,3
2025-09-01,Navi,Challengers,526.02,26510.97,2.68,1.06,504,4
2025-09-01,super.money,Challengers,256.34,9852.44,1.31,0.40,384,5
2025-09-01,"Axis Bank Apps",Challengers,158.05,14911.36,0.81,0.60,943,6
2025-09-01,CRED,Challengers,147.86,54796.41,0.75,2.20,3706,7
2025-09-01,"FamApp by Trio",Challengers,140.01,1751.77,0.71,0.07,125,8
2025-09-01,BHIM,Challengers,110.84,16273.38,0.56,0.65,1468,9
2025-09-01,"Amazon Pay",Challengers,91.40,10234.84,0.47,0.41,1120,10
2025-09-01,WhatsApp,Challengers,79.75,5768.86,0.41,0.23,723,11
2025-09-01,"Kotak Mahindra Bank Apps",Challengers,75.46,9168.77,0.38,0.37,1215,12
2025-09-01,"HDFC Bank Apps",Challengers,74.60,16420.63,0.38,0.66,2201,13
2025-09-01,"ICICI Bank Apps",Challengers,74.10,16624.59,0.38,0.67,2244,14
2025-09-01,"POP UPI",Challengers,51.61,1953.68,0.26,0.08,379,15
2025-09-01,"Yes Bank Apps",Challengers,47.75,6758.44,0.24,0.27,1415,16
2025-09-01,Mobikwik,Challengers,46.95,5761.51,0.24,0.23,1227,17
2025-09-01,"Slice Small Finance Bank Apps",Challengers,22.62,3014.80,0.12,0.12,1333,18
2025-09-01,"Airtel Payments Bank Apps",Challengers,17.34,1290.54,0.09,0.05,744,19
2025-09-01,"India Post Payments Bank Apps",Challengers,16.81,1625.33,0.09,0.07,967,20
2025-09-01,"Bharat Pe",Challengers,16.07,1357.79,0.08,0.05,845,21
2025-09-01,Groww,Challengers,14.17,10098.51,0.07,0.41,7127,22
2025-09-01,"IDFC Bank Apps",Challengers,13.14,2718.78,0.07,0.11,2069,23
2025-09-01,"State Bank of India Apps",Challengers,12.18,3614.58,0.06,0.15,2968,24
2025-09-01,"Bajaj Finserv",Challengers,12.01,2520.30,0.06,0.10,2099,25
2025-09-01,"Samsung Pay",Challengers,9.90,676.36,0.05,0.03,683,26
2025-09-01,"RBL Bank Apps",Challengers,7.92,1546.10,0.04,0.06,1952,27
2025-09-01,"Federal Bank Apps",Challengers,6.61,1330.79,0.03,0.05,2013,28
2025-09-01,"Jupiter Money",Challengers,6.06,958.38,0.03,0.04,1581,29
2025-09-01,"Jio Payments Bank Apps",Challengers,5.00,344.89,0.03,0.01,690,30
2025-09-01,"Deutsche Bank Apps",Challengers,4.63,765.38,0.02,0.03,1653,31
2025-09-01,"Canara Bank Apps",Challengers,4.27,1049.05,0.02,0.04,2457,32
2025-09-01,"Punjab National Bank Apps",Challengers,3.88,983.32,0.02,0.04,2534,33
2025-09-01,"Flipkart UPI",Challengers,3.58,263.48,0.02,0.01,736,34
2025-09-01,Timepay,Challengers,2.98,41.89,0.02,0.00,141,35
2025-09-01,"Fi Money",Challengers,2.66,382.26,0.01,0.02,1437,36
2025-09-01,"Ind Money",Challengers,2.61,870.13,0.01,0.03,3334,37
2025-09-01,"Bank of Baroda Apps",Challengers,2.59,611.74,0.01,0.02,2362,38
2025-09-01,Kiwi,Challengers,2.50,306.62,0.01,0.01,1226,39
2025-09-01,"Jammu and Kashmir Bank Apps",Challengers,2.38,348.51,0.01,0.01,1464,40
2025-09-01,"NSDL Payments Bank Apps",Challengers,2.05,216.31,0.01,0.01,1055,41
2025-09-01,"Omni Card",Challengers,1.86,118.22,0.01,0.00,636,42
2025-09-01,"Shri Ram One",Challengers,1.81,136.08,0.01,0.01,752,43
2025-09-01,"Suryoday Bank Apps",Challengers,1.68,13.47,0.01,0.00,80,44
2025-09-01,"IndusInd Bank Apps",Challengers,1.67,222.41,0.01,0.01,1332,45
2025-09-01,"Indian Bank Apps",Challengers,1.38,316.14,0.01,0.01,2291,46
2025-09-01,"HSBC Bank Apps",Challengers,1.22,145.89,0.01,0.01,1196,47
2025-09-01,"Money View",Challengers,1.09,87.15,0.01,0.00,800,48
2025-09-01,Digikhata,Challengers,1.05,352.31,0.01,0.01,3355,49
2025-09-01,"South Indian Bank Apps",Challengers,0.86,248.26,0.00,0.01,2887,50
2025-09-01,"Fino Payments Bank Apps",Challengers,0.78,69.88,0.00,0.00,896,51
2025-09-01,"Union Bank Apps",Challengers,0.73,232.38,0.00,0.01,3183,52
2025-09-01,"DBS Digibank Apps",Challengers,0.73,250.90,0.00,0.01,3437,52
2025-09-01,"One Card",Challengers,0.71,827.92,0.00,0.03,11661,54
2025-09-01,"AU Small Finance Bank Apps",Challengers,0.69,221.41,0.00,0.01,3209,55
2025-09-01,"ESAF Small Finance Bank Apps",Challengers,0.67,65.43,0.00,0.00,977,56
2025-09-01,"Kredit Pe",Challengers,0.67,54.86,0.00,0.00,819,56
2025-09-01,"Aditya Birla Capital Digital",Challengers,0.56,25.14,0.00,0.00,449,58
2025-09-01,"Central Bank of India Apps",Challengers,0.55,137.29,0.00,0.01,2496,59
2025-09-01,"UCO Bank Apps",Challengers,0.54,140.39,0.00,0.01,2600,60
2025-09-01,"Tata Pay",Challengers,0.50,159.60,0.00,0.01,3192,61
2025-09-01,"Salary Se",Challengers,0.49,22.88,0.00,0.00,467,62
2025-09-01,"Bank of India Apps",Challengers,0.32,101.51,0.00,0.00,3172,63
2025-09-01,"Spice Money",Challengers,0.30,28.07,0.00,0.00,936,64
2025-09-01,"Karnataka Bank Apps",Challengers,0.27,62.58,0.00,0.00,2318,65
2025-09-01,"Standard Chartered Bank Apps",Challengers,0.25,113.63,0.00,0.00,4545,66
2025-09-01,"Indian Overseas Bank Apps",Challengers,0.24,62.77,0.00,0.00,2615,67
2025-09-01,Rapipay,Challengers,0.23,24.83,0.00,0.00,1080,68
2025-09-01,Dhani,Challengers,0.23,10.70,0.00,0.00,465,68
2025-09-01,"IDBI Bank Apps",Challengers,0.17,69.18,0.00,0.00,4069,70
2025-09-01,Jar,Challengers,0.14,3.13,0.00,0.00,224,71
2025-09-01,"True Balance",Challengers,0.13,4.49,0.00,0.00,345,72
2025-09-01,Obopay,Challengers,0.13,19.72,0.00,0.00,1517,72
2025-09-01,"Karur Vysya Bank Apps",Challengers,0.11,40.62,0.00,0.00,3693,74
2025-09-01,"Tamilnad Mercantile Bank Apps",Challengers,0.10,36.17,0.00,0.00,3617,75
2025-09-01,Ultracash,Challengers,0.09,6.96,0.00,0.00,773,76
2025-09-01,"City Union Bank Apps",Challengers,0.08,31.81,0.00,0.00,3976,77
2025-09-01,"Unity Small Finance Bank Apps",Challengers,0.07,21.92,0.00,0.00,3131,78
2025-09-01,"Niyo Global",Challengers,0.05,13.16,0.00,0.00,2632,79
2025-09-01,KreditBee,Challengers,0.05,2.18,0.00,0.00,436,79
2025-09-01,Payworld,Challengers,0.05,4.05,0.00,0.00,810,79
2025-09-01,"Utkarsh Small Finance Bank Apps",Challengers,0.03,5.49,0.00,0.00,1830,82
2025-09-01,Freo,Challengers,0.03,1.96,0.00,0.00,653,82
2025-09-01,"Punjab Sind Bank Apps",Challengers,0.02,7.21,0.00,0.00,3605,84
2025-09-01,"Equitas Small Finance Bank Apps",Challengers,0.02,7.23,0.00,0.00,3615,84
2025-10-01,PhonePe,PhonePe,9410.55,1306265.20,45.46,47.89,1388,1
2025-10-01,"Google Pay","Google Pay",7164.43,954048.01,34.61,34.98,1332,2
2025-10-01,Paytm,Paytm,1498.54,166629.10,7.24,6.11,1112,3
2025-10-01,Navi,Challengers,573.79,30599.37,2.77,1.12,533,4
2025-10-01,super.money,Challengers,264.77,10962.09,1.28,0.40,414,5
2025-10-01,CRED,Challengers,157.99,62438.03,0.76,2.29,3952,6
2025-10-01,"FamApp by Trio",Challengers,146.03,1900.99,0.71,0.07,130,7
2025-10-01,BHIM,Challengers,124.25,19376.26,0.60,0.71,1559,8
2025-10-01,"Axis Bank Apps",Challengers,113.58,15761.25,0.55,0.58,1388,9
2025-10-01,"Amazon Pay",Challengers,91.65,10710.43,0.44,0.39,1169,10
2025-10-01,"Kotak Mahindra Bank Apps",Challengers,85.14,10842.97,0.41,0.40,1274,11
2025-10-01,WhatsApp,Challengers,84.35,6512.78,0.41,0.24,772,12
2025-10-01,"HDFC Bank Apps",Challengers,80.37,18623.69,0.39,0.68,2317,13
2025-10-01,"ICICI Bank Apps",Challengers,73.20,18114.84,0.35,0.66,2475,14
2025-10-01,"Yes Bank Apps",Challengers,54.81,7495.68,0.26,0.27,1368,15
2025-10-01,Mobikwik,Challengers,52.39,6500.58,0.25,0.24,1241,16
2025-10-01,"POP UPI",Challengers,38.92,1700.27,0.19,0.06,437,17
2025-10-01,"Slice Small Finance Bank Apps",Challengers,25.10,3155.16,0.12,0.12,1257,18
2025-10-01,"India Post Payments Bank Apps",Challengers,17.97,1879.52,0.09,0.07,1046,19
2025-10-01,"Airtel Payments Bank Apps",Challengers,17.43,1340.02,0.08,0.05,769,20
2025-10-01,Groww,Challengers,15.87,12555.52,0.08,0.46,7911,21
2025-10-01,"IDFC Bank Apps",Challengers,13.74,3041.73,0.07,0.11,2214,22
2025-10-01,"State Bank of India Apps",Challengers,12.90,4041.65,0.06,0.15,3133,23
2025-10-01,"Bajaj Finserv",Challengers,12.82,2599.28,0.06,0.10,2028,24
2025-10-01,"Samsung Pay",Challengers,10.47,758.79,0.05,0.03,725,25
2025-10-01,"Federal Bank Apps",Challengers,6.99,1626.56,0.03,0.06,2327,26
2025-10-01,"RBL Bank Apps",Challengers,6.92,1983.26,0.03,0.07,2866,27
2025-10-01,"Jupiter Money",Challengers,6.06,991.43,0.03,0.04,1636,28
2025-10-01,"Jio Payments Bank Apps",Challengers,5.68,417.41,0.03,0.02,735,29
2025-10-01,"Deutsche Bank Apps",Challengers,5.21,1035.32,0.03,0.04,1987,30
2025-10-01,"Canara Bank Apps",Challengers,4.37,1133.76,0.02,0.04,2594,31
2025-10-01,"Punjab National Bank Apps",Challengers,4.15,1110.15,0.02,0.04,2675,32
2025-10-01,"NSDL Payments Bank Apps",Challengers,3.47,368.39,0.02,0.01,1062,33
2025-10-01,"Flipkart UPI",Challengers,3.31,208.86,0.02,0.01,631,34
2025-10-01,"Ind Money",Challengers,2.98,1121.61,0.01,0.04,3764,35
2025-10-01,Kiwi,Challengers,2.92,403.52,0.01,0.01,1382,36
2025-10-01,"Bank of Baroda Apps",Challengers,2.77,723.28,0.01,0.03,2611,37
2025-10-01,"Fi Money",Challengers,2.70,405.88,0.01,0.01,1503,38
2025-10-01,"Jammu and Kashmir Bank Apps",Challengers,2.66,419.17,0.01,0.02,1576,39
2025-10-01,"Suryoday Bank Apps",Challengers,2.30,14.34,0.01,0.00,62,40
2025-10-01,Timepay,Challengers,1.94,38.42,0.01,0.00,198,41
2025-10-01,"Omni Card",Challengers,1.92,128.78,0.01,0.00,671,42
2025-10-01,"Bharat Pe",Challengers,1.77,137.63,0.01,0.01,778,43
2025-10-01,"IndusInd Bank Apps",Challengers,1.58,224.25,0.01,0.01,1419,44
2025-10-01,"HSBC Bank Apps",Challengers,1.50,170.25,0.01,0.01,1135,45
2025-10-01,"Indian Bank Apps",Challengers,1.49,448.46,0.01,0.02,3010,46
2025-10-01,"Shri Ram One",Challengers,1.43,121.39,0.01,0.00,849,47
2025-10-01,"Money View",Challengers,1.38,105.13,0.01,0.00,762,48
2025-10-01,Digikhata,Challengers,1.14,409.70,0.01,0.02,3594,49
2025-10-01,"ESAF Small Finance Bank Apps",Challengers,0.97,98.21,0.00,0.00,1012,50
2025-10-01,"Fino Payments Bank Apps",Challengers,0.91,82.72,0.00,0.00,909,51
2025-10-01,"South Indian Bank Apps",Challengers,0.87,259.65,0.00,0.01,2984,52
2025-10-01,"One Card",Challengers,0.73,904.13,0.00,0.03,12385,53
2025-10-01,"Union Bank Apps",Challengers,0.73,225.05,0.00,0.01,3083,53
2025-10-01,"AU Small Finance Bank Apps",Challengers,0.71,246.67,0.00,0.01,3474,55
2025-10-01,"Kredit Pe",Challengers,0.63,56.41,0.00,0.00,895,56
2025-10-01,"DBS Digibank Apps",Challengers,0.61,217.83,0.00,0.01,3571,57
2025-10-01,"UCO Bank Apps",Challengers,0.59,161.03,0.00,0.01,2729,58
2025-10-01,"Tata Pay",Challengers,0.50,167.09,0.00,0.01,3342,59
2025-10-01,KreditBee,Challengers,0.50,13.90,0.00,0.00,278,59
2025-10-01,"Salary Se",Challengers,0.48,24.33,0.00,0.00,507,61
2025-10-01,Jar,Challengers,0.46,10.67,0.00,0.00,232,62
2025-10-01,"Aditya Birla Capital Digital",Challengers,0.42,21.45,0.00,0.00,511,63
2025-10-01,"Central Bank of India Apps",Challengers,0.40,115.39,0.00,0.00,2885,64
2025-10-01,"Bank of India Apps",Challengers,0.33,107.21,0.00,0.00,3249,65
2025-10-01,"Spice Money",Challengers,0.33,31.47,0.00,0.00,954,65
2025-10-01,"Standard Chartered Bank Apps",Challengers,0.29,120.33,0.00,0.00,4149,67
2025-10-01,Rapipay,Challengers,0.26,27.54,0.00,0.00,1059,68
2025-10-01,"Karnataka Bank Apps",Challengers,0.26,62.55,0.00,0.00,2406,68
2025-10-01,Dhani,Challengers,0.24,10.84,0.00,0.00,452,70
2025-10-01,"Indian Overseas Bank Apps",Challengers,0.21,59.47,0.00,0.00,2832,71
2025-10-01,"IDBI Bank Apps",Challengers,0.17,75.41,0.00,0.00,4436,72
2025-10-01,"True Balance",Challengers,0.15,5.04,0.00,0.00,336,73
2025-10-01,Obopay,Challengers,0.14,21.43,0.00,0.00,1531,74
2025-10-01,"Karur Vysya Bank Apps",Challengers,0.12,44.87,0.00,0.00,3739,75
2025-10-01,TwidPay,Challengers,0.10,10.90,0.00,0.00,1090,76
2025-10-01,"Tamilnad Mercantile Bank Apps",Challengers,0.10,35.99,0.00,0.00,3599,76
2025-10-01,Ultracash,Challengers,0.09,6.99,0.00,0.00,777,78
2025-10-01,"Unity Small Finance Bank Apps",Challengers,0.08,25.74,0.00,0.00,3218,79
2025-10-01,"City Union Bank Apps",Challengers,0.08,32.76,0.00,0.00,4095,79
2025-10-01,Payworld,Challengers,0.07,5.97,0.00,0.00,853,81
2025-10-01,"Punjab Sind Bank Apps",Challengers,0.04,14.19,0.00,0.00,3548,82
2025-10-01,Freo,Challengers,0.03,2.10,0.00,0.00,700,83
2025-10-01,"Bank of Maharashtra Apps",Challengers,0.03,9.46,0.00,0.00,3153,83
2025-10-01,"Equitas Small Finance Bank Apps",Challengers,0.02,7.76,0.00,0.00,3880,85
2025-10-01,"Utkarsh Small Finance Bank Apps",Challengers,0.02,5.64,0.00,0.00,2820,85
2025-11-01,PhonePe,PhonePe,9322.29,1274723.47,45.55,48.44,1367,1
2025-11-01,"Google Pay","Google Pay",7020.94,905445.37,34.30,34.41,1290,2
2025-11-01,Paytm,Paytm,1518.95,163210.19,7.42,6.20,1074,3
2025-11-01,Navi,Challengers,606.61,32180.80,2.96,1.22,531,4
2025-11-01,super.money,Challengers,265.07,10569.55,1.30,0.40,399,5
2025-11-01,CRED,Challengers,153.54,59261.16,0.75,2.25,3860,6
2025-11-01,"FamApp by Trio",Challengers,149.79,1867.72,0.73,0.07,125,7
2025-11-01,BHIM,Challengers,139.11,18280.83,0.68,0.69,1314,8
2025-11-01,"Axis Bank Apps",Challengers,133.63,15515.97,0.65,0.59,1161,9
2025-11-01,WhatsApp,Challengers,87.06,7168.01,0.43,0.27,823,10
2025-11-01,"Amazon Pay",Challengers,86.58,9909.89,0.42,0.38,1145,11
2025-11-01,"Kotak Mahindra Bank Apps",Challengers,86.37,10393.45,0.42,0.39,1203,12
2025-11-01,"HDFC Bank Apps",Challengers,73.57,16795.79,0.36,0.64,2283,13
2025-11-01,"ICICI Bank Apps",Challengers,65.74,17156.92,0.32,0.65,2610,14
2025-11-01,Mobikwik,Challengers,56.52,6916.48,0.28,0.26,1224,15
2025-11-01,"Yes Bank Apps",Challengers,47.37,6384.17,0.23,0.24,1348,16
2025-11-01,"Slice Small Finance Bank Apps",Challengers,29.32,3172.92,0.14,0.12,1082,17
2025-11-01,"India Post Payments Bank Apps",Challengers,19.17,1912.89,0.09,0.07,998,18
2025-11-01,"Airtel Payments Bank Apps",Challengers,15.73,1263.86,0.08,0.05,803,19
2025-11-01,"IDFC Bank Apps",Challengers,15.38,2955.39,0.08,0.11,1922,20
2025-11-01,"POP UPI",Challengers,14.58,834.96,0.07,0.03,573,21
2025-11-01,Groww,Challengers,14.28,9763.15,0.07,0.37,6837,22
2025-11-01,"State Bank of India Apps",Challengers,13.17,3838.92,0.06,0.15,2915,23
2025-11-01,"Bajaj Finserv",Challengers,12.87,2750.64,0.06,0.10,2137,24
2025-11-01,"Samsung Pay",Challengers,11.21,716.66,0.05,0.03,639,25
2025-11-01,"RBL Bank Apps",Challengers,6.90,2228.50,0.03,0.08,3230,26
2025-11-01,"Federal Bank Apps",Challengers,6.38,1581.57,0.03,0.06,2479,27
2025-11-01,"Jupiter Money",Challengers,6.04,935.10,0.03,0.04,1548,28
2025-11-01,"Jio Payments Bank Apps",Challengers,5.92,418.34,0.03,0.02,707,29
2025-11-01,"Deutsche Bank Apps",Challengers,4.39,760.75,0.02,0.03,1733,30
2025-11-01,"Canara Bank Apps",Challengers,4.35,1074.18,0.02,0.04,2469,31
2025-11-01,"Punjab National Bank Apps",Challengers,4.03,1040.95,0.02,0.04,2583,32
2025-11-01,"NSDL Payments Bank Apps",Challengers,3.48,319.56,0.02,0.01,918,33
2025-11-01,Kiwi,Challengers,3.08,404.62,0.02,0.02,1314,34
2025-11-01,"Ind Money",Challengers,3.02,994.89,0.01,0.04,3294,35
2025-11-01,"Bank of Baroda Apps",Challengers,2.74,653.52,0.01,0.02,2385,36
2025-11-01,"Flipkart UPI",Challengers,2.66,146.29,0.01,0.01,550,37
2025-11-01,"Fi Money",Challengers,2.58,375.77,0.01,0.01,1456,38
2025-11-01,"Jammu and Kashmir Bank Apps",Challengers,2.42,378.25,0.01,0.01,1563,39
2025-11-01,"Bharat Pe",Challengers,2.28,177.52,0.01,0.01,779,40
2025-11-01,Timepay,Challengers,2.00,39.98,0.01,0.00,200,41
2025-11-01,"Omni Card",Challengers,1.90,129.21,0.01,0.00,680,42
2025-11-01,"Suryoday Bank Apps",Challengers,1.89,3.55,0.01,0.00,19,43
2025-11-01,"Indian Bank Apps",Challengers,1.52,422.65,0.01,0.02,2781,44
2025-11-01,"Money View",Challengers,1.41,98.11,0.01,0.00,696,45
2025-11-01,"IndusInd Bank Apps",Challengers,1.39,212.28,0.01,0.01,1527,46
2025-11-01,"Shri Ram One",Challengers,1.39,108.40,0.01,0.00,780,46
2025-11-01,"HSBC Bank Apps",Challengers,1.26,158.12,0.01,0.01,1255,48
2025-11-01,"ESAF Small Finance Bank Apps",Challengers,1.19,127.39,0.01,0.00,1071,49
2025-11-01,Digikhata,Challengers,1.16,412.73,0.01,0.02,3558,50
2025-11-01,"Aditya Birla Capital Digital",Challengers,1.11,24.14,0.01,0.00,217,51
2025-11-01,KreditBee,Challengers,1.06,37.32,0.01,0.00,352,52
2025-11-01,"Fino Payments Bank Apps",Challengers,0.96,83.45,0.00,0.00,869,53
2025-11-01,"Union Bank Apps",Challengers,0.88,250.09,0.00,0.01,2842,54
2025-11-01,"South Indian Bank Apps",Challengers,0.84,243.72,0.00,0.01,2901,55
2025-11-01,"AU Small Finance Bank Apps",Challengers,0.73,241.68,0.00,0.01,3311,56
2025-11-01,"One Card",Challengers,0.63,793.04,0.00,0.03,12588,57
2025-11-01,"Kredit Pe",Challengers,0.60,53.81,0.00,0.00,897,58
2025-11-01,"DBS Digibank Apps",Challengers,0.58,203.03,0.00,0.01,3501,59
2025-11-01,"UCO Bank Apps",Challengers,0.58,154.26,0.00,0.01,2660,59
2025-11-01,"Salary Se",Challengers,0.48,23.87,0.00,0.00,497,61
2025-11-01,"Central Bank of India Apps",Challengers,0.42,126.34,0.00,0.00,3008,62
2025-11-01,"Tata Pay",Challengers,0.42,148.43,0.00,0.01,3534,62
2025-11-01,"Standard Chartered Bank Apps",Challengers,0.36,116.53,0.00,0.00,3237,64
2025-11-01,"Bank of India Apps",Challengers,0.34,108.52,0.00,0.00,3192,65
2025-11-01,Jar,Challengers,0.33,8.42,0.00,0.00,255,66
2025-11-01,"Spice Money",Challengers,0.32,30.58,0.00,0.00,956,67
2025-11-01,Rapipay,Challengers,0.30,29.39,0.00,0.00,980,68
2025-11-01,"Karnataka Bank Apps",Challengers,0.27,63.02,0.00,0.00,2334,69
2025-11-01,Dhani,Challengers,0.21,9.42,0.00,0.00,449,70
2025-11-01,"Indian Overseas Bank Apps",Challengers,0.20,53.88,0.00,0.00,2694,71
2025-11-01,"True Balance",Challengers,0.18,6.09,0.00,0.00,338,72
2025-11-01,Oxymoney,Challengers,0.16,10.58,0.00,0.00,661,73
2025-11-01,"IDBI Bank Apps",Challengers,0.16,71.99,0.00,0.00,4499,73
2025-11-01,Obopay,Challengers,0.15,23.14,0.00,0.00,1543,75
2025-11-01,"Karur Vysya Bank Apps",Challengers,0.12,43.70,0.00,0.00,3642,76
2025-11-01,TwidPay,Challengers,0.11,12.18,0.00,0.00,1107,77
2025-11-01,"Tamilnad Mercantile Bank Apps",Challengers,0.10,34.64,0.00,0.00,3464,78
2025-11-01,Payworld,Challengers,0.08,7.81,0.00,0.00,976,79
2025-11-01,Ultracash,Challengers,0.08,6.31,0.00,0.00,789,79
2025-11-01,"Unity Small Finance Bank Apps",Challengers,0.08,24.79,0.00,0.00,3099,79
2025-11-01,"City Union Bank Apps",Challengers,0.07,29.85,0.00,0.00,4264,82
2025-11-01,"Bank of Maharashtra Apps",Challengers,0.04,10.94,0.00,0.00,2735,83
2025-11-01,"Curie Money",Challengers,0.04,3.25,0.00,0.00,813,83
2025-11-01,"Punjab Sind Bank Apps",Challengers,0.03,11.81,0.00,0.00,3937,85
2025-11-01,"Equitas Small Finance Bank Apps",Challengers,0.03,10.20,0.00,0.00,3400,85
2025-11-01,Freo,Challengers,0.03,1.84,0.00,0.00,613,85
2025-11-01,Cheq,Challengers,0.02,2.44,0.00,0.00,1220,88
2025-11-01,LXME,Challengers,0.02,1.65,0.00,0.00,825,88
2025-12-01,PhonePe,PhonePe,9799.14,1360501.94,45.29,48.65,1388,1
2025-12-01,"Google Pay","Google Pay",7311.67,956693.92,33.80,34.21,1308,2
2025-12-01,Paytm,Paytm,1624.45,175716.10,7.51,6.28,1082,3
2025-12-01,Navi,Challengers,671.89,35715.89,3.11,1.28,532,4
2025-12-01,super.money,Challengers,286.86,11745.61,1.33,0.42,409,5
2025-12-01,"FamApp by Trio",Challengers,159.05,2007.01,0.74,0.07,126,6
2025-12-01,CRED,Challengers,157.25,59073.03,0.73,2.11,3757,7
2025-12-01,BHIM,Challengers,155.75,20246.97,0.72,0.72,1300,8
2025-12-01,"Axis Bank Apps",Challengers,144.75,13612.02,0.67,0.49,940,9
2025-12-01,WhatsApp,Challengers,100.45,7399.16,0.46,0.26,737,10
2025-12-01,"Kotak Mahindra Bank Apps",Challengers,94.55,11500.65,0.44,0.41,1216,11
2025-12-01,"Amazon Pay",Challengers,86.48,10133.85,0.40,0.36,1172,12
2025-12-01,"HDFC Bank Apps",Challengers,75.34,17540.37,0.35,0.63,2328,13
2025-12-01,"ICICI Bank Apps",Challengers,72.52,18742.95,0.34,0.67,2585,14
2025-12-01,Mobikwik,Challengers,63.40,7451.94,0.29,0.27,1175,15
2025-12-01,"Yes Bank Apps",Challengers,49.47,6917.69,0.23,0.25,1398,16
2025-12-01,"Slice Small Finance Bank Apps",Challengers,34.45,3749.59,0.16,0.13,1088,17
2025-12-01,"India Post Payments Bank Apps",Challengers,17.91,1893.26,0.08,0.07,1057,18
2025-12-01,"Airtel Payments Bank Apps",Challengers,16.05,1332.95,0.07,0.05,830,19
2025-12-01,Groww,Challengers,15.87,11688.01,0.07,0.42,7365,20
2025-12-01,"State Bank of India Apps",Challengers,14.63,4313.86,0.07,0.15,2949,21
2025-12-01,"IDFC Bank Apps",Challengers,14.49,3173.31,0.07,0.11,2190,22
2025-12-01,"Bajaj Finserv",Challengers,13.35,2822.57,0.06,0.10,2114,23
2025-12-01,"Samsung Pay",Challengers,11.36,745.25,0.05,0.03,656,24
2025-12-01,"POP UPI",Challengers,9.38,705.72,0.04,0.03,752,25
2025-12-01,"RBL Bank Apps",Challengers,8.56,4327.98,0.04,0.15,5056,26
2025-12-01,"Federal Bank Apps",Challengers,7.33,1853.24,0.03,0.07,2528,27
2025-12-01,"Jio Payments Bank Apps",Challengers,6.39,440.97,0.03,0.02,690,28
2025-12-01,"Jupiter Money",Challengers,6.09,966.07,0.03,0.03,1586,29
2025-12-01,"Deutsche Bank Apps",Challengers,5.36,827.10,0.02,0.03,1543,30
2025-12-01,"Canara Bank Apps",Challengers,4.53,1142.72,0.02,0.04,2523,31
2025-12-01,"NSDL Payments Bank Apps",Challengers,3.77,316.05,0.02,0.01,838,32
2025-12-01,"Ind Money",Challengers,3.33,1054.69,0.02,0.04,3167,33
2025-12-01,Kiwi,Challengers,3.10,439.43,0.01,0.02,1418,34
2025-12-01,"Punjab National Bank Apps",Challengers,2.96,748.71,0.01,0.03,2529,35
2025-12-01,"Flipkart UPI",Challengers,2.80,152.97,0.01,0.01,546,36
2025-12-01,"Fi Money",Challengers,2.59,381.14,0.01,0.01,1472,37
2025-12-01,"Jammu and Kashmir Bank Apps",Challengers,2.50,390.02,0.01,0.01,1560,38
2025-12-01,"Suryoday Bank Apps",Challengers,2.50,5.76,0.01,0.00,23,38
2025-12-01,"Bharat Pe",Challengers,2.46,206.84,0.01,0.01,841,40
2025-12-01,"Bank of Baroda Apps",Challengers,2.25,566.75,0.01,0.02,2519,41
2025-12-01,"Omni Card",Challengers,1.95,134.81,0.01,0.00,691,42
2025-12-01,Timepay,Challengers,1.81,37.13,0.01,0.00,205,43
2025-12-01,"Money View",Challengers,1.79,103.65,0.01,0.00,579,44
2025-12-01,"IndusInd Bank Apps",Challengers,1.70,266.09,0.01,0.01,1565,45
2025-12-01,"Indian Bank Apps",Challengers,1.59,474.12,0.01,0.02,2982,46
2025-12-01,KreditBee,Challengers,1.57,77.28,0.01,0.00,492,47
2025-12-01,"Aditya Birla Capital Digital",Challengers,1.46,26.21,0.01,0.00,180,48
2025-12-01,"Shri Ram One",Challengers,1.43,111.67,0.01,0.00,781,49
2025-12-01,"ESAF Small Finance Bank Apps",Challengers,1.28,133.33,0.01,0.00,1042,50
2025-12-01,"HSBC Bank Apps",Challengers,1.26,156.91,0.01,0.01,1245,51
2025-12-01,Digikhata,Challengers,1.25,421.60,0.01,0.02,3373,52
2025-12-01,Oxymoney,Challengers,1.01,16.97,0.00,0.00,168,53
2025-12-01,"Fino Payments Bank Apps",Challengers,1.00,87.85,0.00,0.00,879,54
2025-12-01,"Union Bank Apps",Challengers,0.94,273.39,0.00,0.01,2908,55
2025-12-01,"South Indian Bank Apps",Challengers,0.93,273.46,0.00,0.01,2940,56
2025-12-01,"AU Small Finance Bank Apps",Challengers,0.81,264.18,0.00,0.01,3261,57
2025-12-01,"DBS Digibank Apps",Challengers,0.63,224.56,0.00,0.01,3564,58
2025-12-01,"One Card",Challengers,0.62,784.25,0.00,0.03,12649,59
2025-12-01,"Kredit Pe",Challengers,0.61,54.13,0.00,0.00,887,60
2025-12-01,"UCO Bank Apps",Challengers,0.60,164.56,0.00,0.01,2743,61
2025-12-01,Freo,Challengers,0.59,56.56,0.00,0.00,959,62
2025-12-01,"Central Bank of India Apps",Challengers,0.46,150.27,0.00,0.01,3267,63
2025-12-01,"Salary Se",Challengers,0.42,25.24,0.00,0.00,601,64
2025-12-01,"Standard Chartered Bank Apps",Challengers,0.41,122.83,0.00,0.00,2996,65
2025-12-01,Rapipay,Challengers,0.40,33.66,0.00,0.00,842,66
2025-12-01,"Bank of India Apps",Challengers,0.38,120.71,0.00,0.00,3177,67
2025-12-01,"Tata Pay",Challengers,0.37,126.35,0.00,0.00,3415,68
2025-12-01,"Spice Money",Challengers,0.36,32.52,0.00,0.00,903,69
2025-12-01,"Karnataka Bank Apps",Challengers,0.29,68.64,0.00,0.00,2367,70
2025-12-01,Jar,Challengers,0.25,6.05,0.00,0.00,242,71
2025-12-01,"True Balance",Challengers,0.21,7.24,0.00,0.00,345,72
2025-12-01,Dhani,Challengers,0.21,9.10,0.00,0.00,433,72
2025-12-01,"Indian Overseas Bank Apps",Challengers,0.19,52.64,0.00,0.00,2771,74
2025-12-01,"IDBI Bank Apps",Challengers,0.17,84.40,0.00,0.00,4965,75
2025-12-01,Obopay,Challengers,0.17,26.26,0.00,0.00,1545,75
2025-12-01,"Karur Vysya Bank Apps",Challengers,0.13,45.88,0.00,0.00,3529,77
2025-12-01,TwidPay,Challengers,0.13,15.83,0.00,0.00,1218,77
2025-12-01,"Tamilnad Mercantile Bank Apps",Challengers,0.11,39.25,0.00,0.00,3568,79
2025-12-01,Payworld,Challengers,0.10,10.22,0.00,0.00,1022,80
2025-12-01,"Unity Small Finance Bank Apps",Challengers,0.08,26.45,0.00,0.00,3306,81
2025-12-01,"City Union Bank Apps",Challengers,0.07,29.47,0.00,0.00,4210,82
2025-12-01,"Saathi by PayNearBy",Challengers,0.06,6.09,0.00,0.00,1015,83
2025-12-01,"Bank of Maharashtra Apps",Challengers,0.06,17.64,0.00,0.00,2940,83
2025-12-01,Ultracash,Challengers,0.05,3.70,0.00,0.00,740,85
2025-12-01,"Curie Money",Challengers,0.05,2.71,0.00,0.00,542,85
2025-12-01,"Equitas Small Finance Bank Apps",Challengers,0.05,14.17,0.00,0.00,2834,85
2025-12-01,Cheq,Challengers,0.04,3.88,0.00,0.00,970,88
2025-12-01,Fave,Challengers,0.03,7.04,0.00,0.00,2347,89
2025-12-01,LXME,Challengers,0.03,2.43,0.00,0.00,810,89
2025-12-01,"Punjab Sind Bank Apps",Challengers,0.03,12.97,0.00,0.00,4323,89
2026-01-01,PhonePe,PhonePe,9913.63,1377458.79,45.68,48.61,1389,1
2026-01-01,"Google Pay","Google Pay",7229.11,956985.04,33.31,33.77,1324,2
2026-01-01,Paytm,Paytm,1659.49,181973.34,7.65,6.42,1097,3
2026-01-01,Navi,Challengers,709.26,37955.69,3.27,1.34,535,4
2026-01-01,super.money,Challengers,298.41,12546.39,1.37,0.44,420,5
2026-01-01,BHIM,Challengers,172.07,22025.89,0.79,0.78,1280,6
2026-01-01,"FamApp by Trio",Challengers,161.18,2038.12,0.74,0.07,126,7
2026-01-01,CRED,Challengers,156.86,58840.62,0.72,2.08,3751,8
2026-01-01,"Axis Bank Apps",Challengers,152.60,13206.89,0.70,0.47,865,9
2026-01-01,WhatsApp,Challengers,112.65,8358.21,0.52,0.29,742,10
2026-01-01,"Kotak Mahindra Bank Apps",Challengers,101.35,12304.69,0.47,0.43,1214,11
2026-01-01,"Amazon Pay",Challengers,83.99,10257.83,0.39,0.36,1221,12
2026-01-01,"HDFC Bank Apps",Challengers,77.29,16665.03,0.36,0.59,2156,13
2026-01-01,"ICICI Bank Apps",Challengers,67.97,19319.18,0.31,0.68,2842,14
2026-01-01,Mobikwik,Challengers,64.72,7631.14,0.30,0.27,1179,15
2026-01-01,"Yes Bank Apps",Challengers,52.98,7850.57,0.24,0.28,1482,16
2026-01-01,"Slice Small Finance Bank Apps",Challengers,39.57,4057.84,0.18,0.14,1025,17
2026-01-01,Groww,Challengers,18.82,16201.06,0.09,0.57,8608,18
2026-01-01,"India Post Payments Bank Apps",Challengers,18.75,1999.28,0.09,0.07,1066,19
2026-01-01,"IDFC Bank Apps",Challengers,17.75,3315.60,0.08,0.12,1868,20
2026-01-01,"Airtel Payments Bank Apps",Challengers,17.15,1376.98,0.08,0.05,803,21
2026-01-01,"State Bank of India Apps",Challengers,15.60,4579.21,0.07,0.16,2935,22
2026-01-01,"Bajaj Finserv",Challengers,13.38,2757.27,0.06,0.10,2061,23
2026-01-01,"Samsung Pay",Challengers,11.21,752.03,0.05,0.03,671,24
2026-01-01,"POP UPI",Challengers,8.50,686.09,0.04,0.02,807,25
2026-01-01,"RBL Bank Apps",Challengers,8.29,4365.61,0.04,0.15,5266,26
2026-01-01,"Federal Bank Apps",Challengers,7.52,2016.33,0.03,0.07,2681,27
2026-01-01,"Jio Payments Bank Apps",Challengers,6.57,456.14,0.03,0.02,694,28
2026-01-01,"Jupiter Money",Challengers,5.93,982.03,0.03,0.03,1656,29
2026-01-01,"Deutsche Bank Apps",Challengers,5.29,853.40,0.02,0.03,1613,30
2026-01-01,"Canara Bank Apps",Challengers,4.14,1110.65,0.02,0.04,2683,31
2026-01-01,"Ind Money",Challengers,4.01,1336.23,0.02,0.05,3332,32
2026-01-01,"Flipkart UPI",Challengers,3.09,163.55,0.01,0.01,529,33
2026-01-01,Kiwi,Challengers,3.04,474.14,0.01,0.02,1560,34
2026-01-01,"Suryoday Bank Apps",Challengers,3.00,6.05,0.01,0.00,20,35
2026-01-01,"NSDL Payments Bank Apps",Challengers,2.94,383.15,0.01,0.01,1303,36
2026-01-01,"Money View",Challengers,2.61,143.19,0.01,0.01,549,37
2026-01-01,"Fi Money",Challengers,2.50,373.44,0.01,0.01,1494,38
2026-01-01,"Bharat Pe",Challengers,2.48,218.56,0.01,0.01,881,39
2026-01-01,"Jammu and Kashmir Bank Apps",Challengers,2.46,371.79,0.01,0.01,1511,40
2026-01-01,KreditBee,Challengers,2.21,120.02,0.01,0.00,543,41
2026-01-01,"Shri Ram One",Challengers,1.98,148.12,0.01,0.01,748,42
2026-01-01,"Omni Card",Challengers,1.94,121.46,0.01,0.00,626,43
2026-01-01,"Punjab National Bank Apps",Challengers,1.85,479.04,0.01,0.02,2589,44
2026-01-01,"Aditya Birla Capital Digital",Challengers,1.58,26.15,0.01,0.00,166,45
2026-01-01,"Bank of Baroda Apps",Challengers,1.57,438.51,0.01,0.02,2793,46
2026-01-01,Timepay,Challengers,1.51,27.49,0.01,0.00,182,47
2026-01-01,"Indian Bank Apps",Challengers,1.49,449.01,0.01,0.02,3013,48
2026-01-01,"IndusInd Bank Apps",Challengers,1.37,233.81,0.01,0.01,1707,49
2026-01-01,Digikhata,Challengers,1.35,465.91,0.01,0.02,3451,50
2026-01-01,"HSBC Bank Apps",Challengers,1.26,154.21,0.01,0.01,1224,51
2026-01-01,"Union Bank Apps",Challengers,0.99,286.52,0.00,0.01,2894,52
2026-01-01,"South Indian Bank Apps",Challengers,0.92,289.61,0.00,0.01,3148,53
2026-01-01,"ESAF Small Finance Bank Apps",Challengers,0.90,102.33,0.00,0.00,1137,54
2026-01-01,"AU Small Finance Bank Apps",Challengers,0.86,282.32,0.00,0.01,3283,55
2026-01-01,"Kredit Pe",Challengers,0.66,60.31,0.00,0.00,914,56
2026-01-01,"UCO Bank Apps",Challengers,0.61,170.83,0.00,0.01,2800,57
2026-01-01,"One Card",Challengers,0.61,734.23,0.00,0.03,12037,57
2026-01-01,"DBS Digibank Apps",Challengers,0.60,232.75,0.00,0.01,3879,59
2026-01-01,Jar,Challengers,0.53,15.68,0.00,0.00,296,60
2026-01-01,Rapipay,Challengers,0.50,40.91,0.00,0.00,818,61
2026-01-01,"Central Bank of India Apps",Challengers,0.48,165.59,0.00,0.01,3450,62
2026-01-01,"Fino Payments Bank Apps",Challengers,0.46,46.59,0.00,0.00,1013,63
2026-01-01,"Standard Chartered Bank Apps",Challengers,0.46,124.07,0.00,0.00,2697,63
2026-01-01,"Salary Se",Challengers,0.46,33.35,0.00,0.00,725,63
2026-01-01,Freo,Challengers,0.40,38.48,0.00,0.00,962,66
2026-01-01,"Spice Money",Challengers,0.39,35.36,0.00,0.00,907,67
2026-01-01,Oxymoney,Challengers,0.37,1.71,0.00,0.00,46,68
2026-01-01,"Tata Pay",Challengers,0.35,127.17,0.00,0.00,3633,69
2026-01-01,"Bank of India Apps",Challengers,0.34,110.33,0.00,0.00,3245,70
2026-01-01,"Karnataka Bank Apps",Challengers,0.29,69.24,0.00,0.00,2388,71
2026-01-01,Dhani,Challengers,0.21,9.10,0.00,0.00,433,72
2026-01-01,"True Balance",Challengers,0.21,7.27,0.00,0.00,346,72
2026-01-01,"IDBI Bank Apps",Challengers,0.20,97.89,0.00,0.00,4895,74
2026-01-01,Obopay,Challengers,0.18,28.32,0.00,0.00,1573,75
2026-01-01,"Indian Overseas Bank Apps",Challengers,0.18,51.36,0.00,0.00,2853,75
2026-01-01,"Saathi by PayNearBy",Challengers,0.17,19.74,0.00,0.00,1161,77
2026-01-01,"Karur Vysya Bank Apps",Challengers,0.14,49.25,0.00,0.00,3518,78
2026-01-01,Payworld,Challengers,0.11,10.57,0.00,0.00,961,79
2026-01-01,"Tamilnad Mercantile Bank Apps",Challengers,0.11,41.01,0.00,0.00,3728,79
2026-01-01,TwidPay,Challengers,0.10,12.15,0.00,0.00,1215,81
2026-01-01,"Bank of Maharashtra Apps",Challengers,0.07,25.70,0.00,0.00,3671,82
2026-01-01,Cheq,Challengers,0.07,6.43,0.00,0.00,919,82
2026-01-01,"City Union Bank Apps",Challengers,0.07,28.62,0.00,0.00,4089,82
2026-01-01,"Equitas Small Finance Bank Apps",Challengers,0.06,14.87,0.00,0.00,2478,85
2026-01-01,"Curie Money",Challengers,0.05,3.14,0.00,0.00,628,86
2026-01-01,"Unity Small Finance Bank Apps",Challengers,0.05,15.24,0.00,0.00,3048,86
2026-01-01,Ultracash,Challengers,0.05,3.61,0.00,0.00,722,86
2026-01-01,LXME,Challengers,0.04,3.33,0.00,0.00,833,89
2026-01-01,Fave,Challengers,0.04,7.47,0.00,0.00,1868,89
2026-01-01,"Punjab Sind Bank Apps",Challengers,0.03,15.58,0.00,0.00,5193,91
2026-02-01,PhonePe,PhonePe,9284.22,1310392.95,45.52,48.82,1411,1
2026-02-01,"Google Pay","Google Pay",6767.14,903051.60,33.18,33.64,1334,2
2026-02-01,Paytm,Paytm,1595.09,174128.86,7.82,6.49,1092,3
2026-02-01,Navi,Challengers,650.28,36563.00,3.19,1.36,562,4
2026-02-01,super.money,Challengers,289.32,12314.08,1.42,0.46,426,5
2026-02-01,BHIM,Challengers,175.93,21263.92,0.86,0.79,1209,6
2026-02-01,"FamApp by Trio",Challengers,149.06,1898.62,0.73,0.07,127,7
2026-02-01,CRED,Challengers,145.98,54045.92,0.72,2.01,3702,8
2026-02-01,"Axis Bank Apps",Challengers,132.11,12157.93,0.65,0.45,920,9
2026-02-01,WhatsApp,Challengers,112.89,8557.08,0.55,0.32,758,10
2026-02-01,"Kotak Mahindra Bank Apps",Challengers,102.00,12295.90,0.50,0.46,1205,11
2026-02-01,"Amazon Pay",Challengers,75.81,9288.21,0.37,0.35,1225,12
2026-02-01,"HDFC Bank Apps",Challengers,66.94,15248.82,0.33,0.57,2278,13
2026-02-01,Mobikwik,Challengers,65.81,7509.87,0.32,0.28,1141,14
2026-02-01,"Slice Small Finance Bank Apps",Challengers,42.57,4205.18,0.21,0.16,988,15
2026-02-01,"Yes Bank Apps",Challengers,42.07,6194.70,0.21,0.23,1472,16
2026-02-01,"ICICI Bank Apps",Challengers,39.95,18213.67,0.20,0.68,4559,17
2026-02-01,"IDFC Bank Apps",Challengers,37.41,3228.56,0.18,0.12,863,18
2026-02-01,"India Post Payments Bank Apps",Challengers,16.52,1788.50,0.08,0.07,1083,19
2026-02-01,"Airtel Payments Bank Apps",Challengers,16.33,1323.37,0.08,0.05,810,20
2026-02-01,Groww,Challengers,16.30,12154.86,0.08,0.45,7457,21
2026-02-01,"State Bank of India Apps",Challengers,15.70,4698.51,0.08,0.18,2993,22
2026-02-01,"Bajaj Finserv",Challengers,13.01,2805.76,0.06,0.10,2157,23
2026-02-01,"Samsung Pay",Challengers,10.29,679.66,0.05,0.03,661,24
2026-02-01,"RBL Bank Apps",Challengers,10.03,4216.83,0.05,0.16,4204,25
2026-02-01,"POP UPI",Challengers,8.48,662.57,0.04,0.02,781,26
2026-02-01,"Federal Bank Apps",Challengers,6.70,2002.22,0.03,0.07,2988,27
2026-02-01,"Jio Payments Bank Apps",Challengers,6.64,449.17,0.03,0.02,676,28
2026-02-01,"Jupiter Money",Challengers,5.35,897.61,0.03,0.03,1678,29
2026-02-01,"Deutsche Bank Apps",Challengers,4.85,791.38,0.02,0.03,1632,30
2026-02-01,"Ind Money",Challengers,3.70,1096.38,0.02,0.04,2963,31
2026-02-01,"Canara Bank Apps",Challengers,3.61,972.59,0.02,0.04,2694,32
2026-02-01,"Money View",Challengers,2.83,157.81,0.01,0.01,558,33
2026-02-01,"Bharat Pe",Challengers,2.72,224.48,0.01,0.01,825,34
2026-02-01,Kiwi,Challengers,2.65,434.15,0.01,0.02,1638,35
2026-02-01,"Jammu and Kashmir Bank Apps",Challengers,2.65,394.59,0.01,0.01,1489,35
2026-02-01,KreditBee,Challengers,2.44,142.33,0.01,0.01,583,37
2026-02-01,"Flipkart UPI",Challengers,2.39,115.59,0.01,0.00,484,38
2026-02-01,"Suryoday Bank Apps",Challengers,2.37,13.30,0.01,0.00,56,39
2026-02-01,"Punjab National Bank Apps",Challengers,1.96,536.12,0.01,0.02,2735,40
2026-02-01,"Fi Money",Challengers,1.92,299.83,0.01,0.01,1562,41
2026-02-01,"Aditya Birla Capital Digital",Challengers,1.87,25.79,0.01,0.00,138,42
2026-02-01,"Omni Card",Challengers,1.77,92.21,0.01,0.00,521,43
2026-02-01,"Indian Bank Apps",Challengers,1.45,455.61,0.01,0.02,3142,44
2026-02-01,"Bank of Baroda Apps",Challengers,1.44,425.74,0.01,0.02,2957,45
2026-02-01,Digikhata,Challengers,1.31,472.46,0.01,0.02,3607,46
2026-02-01,"HSBC Bank Apps",Challengers,1.25,148.32,0.01,0.01,1187,47
2026-02-01,Timepay,Challengers,1.23,21.55,0.01,0.00,175,48
2026-02-01,"IndusInd Bank Apps",Challengers,1.17,197.23,0.01,0.01,1686,49
2026-02-01,"NSDL Payments Bank Apps",Challengers,0.96,277.82,0.00,0.01,2894,50
2026-02-01,"AU Small Finance Bank Apps",Challengers,0.85,277.08,0.00,0.01,3260,51
2026-02-01,"Union Bank Apps",Challengers,0.84,241.03,0.00,0.01,2869,52
2026-02-01,"South Indian Bank Apps",Challengers,0.84,266.22,0.00,0.01,3169,52
2026-02-01,Freo,Challengers,0.77,72.69,0.00,0.00,944,54
2026-02-01,"Shri Ram One",Challengers,0.71,82.45,0.00,0.00,1161,55
2026-02-01,"Kredit Pe",Challengers,0.67,58.61,0.00,0.00,875,56
2026-02-01,Jar,Challengers,0.63,19.07,0.00,0.00,303,57
2026-02-01,"UCO Bank Apps",Challengers,0.57,161.22,0.00,0.01,2828,58
2026-02-01,"One Card",Challengers,0.57,684.40,0.00,0.03,12007,58
2026-02-01,"DBS Digibank Apps",Challengers,0.55,205.24,0.00,0.01,3732,60
2026-02-01,"Fino Payments Bank Apps",Challengers,0.52,51.55,0.00,0.00,991,61
2026-02-01,"Salary Se",Challengers,0.48,38.44,0.00,0.00,801,62
2026-02-01,"Central Bank of India Apps",Challengers,0.47,165.55,0.00,0.01,3522,63
2026-02-01,Rapipay,Challengers,0.47,33.53,0.00,0.00,713,63
2026-02-01,"Standard Chartered Bank Apps",Challengers,0.46,109.71,0.00,0.00,2385,65
2026-02-01,"Spice Money",Challengers,0.39,35.08,0.00,0.00,899,66
2026-02-01,"ESAF Small Finance Bank Apps",Challengers,0.35,38.36,0.00,0.00,1096,67
2026-02-01,"Tata Pay",Challengers,0.29,101.76,0.00,0.00,3509,68
2026-02-01,"Bank of India Apps",Challengers,0.26,89.73,0.00,0.00,3451,69
2026-02-01,"Karnataka Bank Apps",Challengers,0.26,63.38,0.00,0.00,2438,69
2026-02-01,"IDBI Bank Apps",Challengers,0.19,94.62,0.00,0.00,4980,71
2026-02-01,Obopay,Challengers,0.19,30.31,0.00,0.00,1595,71
2026-02-01,"Saathi by PayNearBy",Challengers,0.19,23.54,0.00,0.00,1239,71
2026-02-01,"True Balance",Challengers,0.19,6.55,0.00,0.00,345,71
2026-02-01,Dhani,Challengers,0.19,8.16,0.00,0.00,429,71
2026-02-01,TwidPay,Challengers,0.14,14.73,0.00,0.00,1052,76
2026-02-01,"Karur Vysya Bank Apps",Challengers,0.13,46.09,0.00,0.00,3545,77
2026-02-01,"Indian Overseas Bank Apps",Challengers,0.12,37.83,0.00,0.00,3153,78
2026-02-01,Payworld,Challengers,0.12,10.68,0.00,0.00,890,78
2026-02-01,"Tamilnad Mercantile Bank Apps",Challengers,0.10,39.00,0.00,0.00,3900,80
2026-02-01,"City Union Bank Apps",Challengers,0.08,28.59,0.00,0.00,3574,81
2026-02-01,Cheq,Challengers,0.08,7.50,0.00,0.00,938,81
2026-02-01,"Bank of Maharashtra Apps",Challengers,0.06,22.32,0.00,0.00,3720,83
2026-02-01,"Equitas Small Finance Bank Apps",Challengers,0.06,16.45,0.00,0.00,2742,83
2026-02-01,LXME,Challengers,0.05,3.78,0.00,0.00,756,85
2026-02-01,"Curie Money",Challengers,0.05,2.96,0.00,0.00,592,85
2026-02-01,Ultracash,Challengers,0.05,3.72,0.00,0.00,744,85
2026-02-01,"Unity Small Finance Bank Apps",Challengers,0.05,11.21,0.00,0.00,2242,85
2026-02-01,Fave,Challengers,0.04,8.37,0.00,0.00,2093,89
2026-02-01,ZET,Challengers,0.03,2.01,0.00,0.00,670,90
2026-02-01,"Punjab Sind Bank Apps",Challengers,0.03,12.71,0.00,0.00,4237,90
2026-03-01,PhonePe,PhonePe,10503.81,1448286.63,46.39,49.05,1379,1
2026-03-01,"Google Pay","Google Pay",7535.71,999480.47,33.28,33.85,1326,2
2026-03-01,Paytm,Paytm,1770.00,192610.34,7.82,6.52,1088,3
2026-03-01,Navi,Challengers,790.34,43044.76,3.49,1.46,545,4
2026-03-01,super.money,Challengers,341.24,14788.83,1.51,0.50,433,5
2026-03-01,BHIM,Challengers,202.44,24718.80,0.89,0.84,1221,6
2026-03-01,"FamApp by Trio",Challengers,168.60,2250.14,0.74,0.08,133,7
2026-03-01,CRED,Challengers,163.20,62029.55,0.72,2.10,3801,8
2026-03-01,"Axis Bank Apps",Challengers,135.40,13180.82,0.60,0.45,973,9
2026-03-01,WhatsApp,Challengers,130.74,9917.41,0.58,0.34,759,10
2026-03-01,"Kotak Mahindra Bank Apps",Challengers,114.66,13890.06,0.51,0.47,1211,11
2026-03-01,"Amazon Pay",Challengers,87.58,10534.95,0.39,0.36,1203,12
2026-03-01,Mobikwik,Challengers,78.74,9239.68,0.35,0.31,1173,13
2026-03-01,"HDFC Bank Apps",Challengers,76.89,16702.59,0.34,0.57,2172,14
2026-03-01,"Slice Small Finance Bank Apps",Challengers,50.24,4795.55,0.22,0.16,955,15
2026-03-01,"ICICI Bank Apps",Challengers,46.71,21360.03,0.21,0.72,4573,16
2026-03-01,"IDFC Bank Apps",Challengers,45.70,3628.73,0.20,0.12,794,17
2026-03-01,"Yes Bank Apps",Challengers,43.29,7539.40,0.19,0.26,1742,18
2026-03-01,"India Post Payments Bank Apps",Challengers,19.51,2107.07,0.09,0.07,1080,19
2026-03-01,"Airtel Payments Bank Apps",Challengers,18.79,1618.22,0.08,0.05,861,20
2026-03-01,"State Bank of India Apps",Challengers,18.16,5471.02,0.08,0.19,3013,21
2026-03-01,Groww,Challengers,16.40,12851.64,0.07,0.44,7836,22
2026-03-01,"Bajaj Finserv",Challengers,13.67,2879.05,0.06,0.10,2106,23
2026-03-01,"RBL Bank Apps",Challengers,11.39,4560.53,0.05,0.15,4004,24
2026-03-01,"Samsung Pay",Challengers,11.00,743.38,0.05,0.03,676,25
2026-03-01,"Jio Payments Bank Apps",Challengers,7.77,509.61,0.03,0.02,656,26
2026-03-01,"Federal Bank Apps",Challengers,7.43,2175.75,0.03,0.07,2928,27
2026-03-01,"POP UPI",Challengers,7.38,571.10,0.03,0.02,774,28
2026-03-01,"Jupiter Money",Challengers,5.70,944.90,0.03,0.03,1658,29
2026-03-01,"Deutsche Bank Apps",Challengers,5.08,875.42,0.02,0.03,1723,30
2026-03-01,"Ind Money",Challengers,4.02,1328.44,0.02,0.04,3305,31
2026-03-01,"Money View",Challengers,3.82,244.73,0.02,0.01,641,32
2026-03-01,KreditBee,Challengers,3.68,179.15,0.02,0.01,487,33
2026-03-01,"Canara Bank Apps",Challengers,3.65,1041.64,0.02,0.04,2854,34
2026-03-01,"Jammu and Kashmir Bank Apps",Challengers,3.08,489.39,0.01,0.02,1589,35
2026-03-01,Kiwi,Challengers,2.79,500.02,0.01,0.02,1792,36
2026-03-01,"Suryoday Bank Apps",Challengers,2.78,13.52,0.01,0.00,49,37
2026-03-01,"Flipkart UPI",Challengers,2.69,124.89,0.01,0.00,464,38
2026-03-01,"Bharat Pe",Challengers,2.62,247.83,0.01,0.01,946,39
2026-03-01,"Omni Card",Challengers,1.94,101.77,0.01,0.00,525,40
2026-03-01,"Fi Money",Challengers,1.92,330.74,0.01,0.01,1723,41
2026-03-01,"Indian Bank Apps",Challengers,1.69,511.01,0.01,0.02,3024,42
2026-03-01,"Aditya Birla Capital Digital",Challengers,1.66,28.46,0.01,0.00,171,43
2026-03-01,"Bank of Baroda Apps",Challengers,1.65,510.66,0.01,0.02,3095,44
2026-03-01,"Punjab National Bank Apps",Challengers,1.61,442.44,0.01,0.01,2748,45
2026-03-01,"HSBC Bank Apps",Challengers,1.55,186.24,0.01,0.01,1202,46
2026-03-01,Digikhata,Challengers,1.49,539.13,0.01,0.02,3618,47
2026-03-01,Timepay,Challengers,1.34,25.98,0.01,0.00,194,48
2026-03-01,"IndusInd Bank Apps",Challengers,1.21,208.26,0.01,0.01,1721,49
2026-03-01,Freo,Challengers,1.21,113.58,0.01,0.00,939,49
2026-03-01,"Union Bank Apps",Challengers,1.00,302.43,0.00,0.01,3024,51
2026-03-01,"AU Small Finance Bank Apps",Challengers,0.97,316.74,0.00,0.01,3265,52
2026-03-01,"South Indian Bank Apps",Challengers,0.91,303.50,0.00,0.01,3335,53
2026-03-01,Jar,Challengers,0.82,24.98,0.00,0.00,305,54
2026-03-01,"Kredit Pe",Challengers,0.76,65.40,0.00,0.00,861,55
2026-03-01,"Fino Payments Bank Apps",Challengers,0.71,65.29,0.00,0.00,920,56
2026-03-01,"UCO Bank Apps",Challengers,0.63,179.36,0.00,0.01,2847,57
2026-03-01,"One Card",Challengers,0.61,764.55,0.00,0.03,12534,58
2026-03-01,"Salary Se",Challengers,0.60,53.47,0.00,0.00,891,59
2026-03-01,"DBS Digibank Apps",Challengers,0.58,220.76,0.00,0.01,3806,60
2026-03-01,"Shri Ram One",Challengers,0.55,73.76,0.00,0.00,1341,61
2026-03-01,Rapipay,Challengers,0.54,33.28,0.00,0.00,616,62
2026-03-01,"Standard Chartered Bank Apps",Challengers,0.51,141.43,0.00,0.00,2773,63
2026-03-01,"Central Bank of India Apps",Challengers,0.50,186.01,0.00,0.01,3720,64
2026-03-01,"Spice Money",Challengers,0.45,39.06,0.00,0.00,868,65
2026-03-01,"Saathi by PayNearBy",Challengers,0.33,38.42,0.00,0.00,1164,66
2026-03-01,"Bank of India Apps",Challengers,0.33,118.47,0.00,0.00,3590,66
2026-03-01,"Tata Pay",Challengers,0.31,90.60,0.00,0.00,2923,68
2026-03-01,"NSDL Payments Bank Apps",Challengers,0.27,210.13,0.00,0.01,7783,69
2026-03-01,"IDBI Bank Apps",Challengers,0.23,114.74,0.00,0.00,4989,70
2026-03-01,"Karnataka Bank Apps",Challengers,0.22,60.16,0.00,0.00,2735,71
2026-03-01,Obopay,Challengers,0.22,35.03,0.00,0.00,1592,71
2026-03-01,Dhani,Challengers,0.19,8.95,0.00,0.00,471,73
2026-03-01,"True Balance",Challengers,0.18,6.33,0.00,0.00,352,74
2026-03-01,"Karur Vysya Bank Apps",Challengers,0.14,51.74,0.00,0.00,3696,75
2026-03-01,TwidPay,Challengers,0.14,14.32,0.00,0.00,1023,75
2026-03-01,Payworld,Challengers,0.11,10.23,0.00,0.00,930,77
2026-03-01,"Tamilnad Mercantile Bank Apps",Challengers,0.11,45.11,0.00,0.00,4101,77
2026-03-01,"City Union Bank Apps",Challengers,0.11,33.64,0.00,0.00,3058,77
2026-03-01,"ESAF Small Finance Bank Apps",Challengers,0.10,11.52,0.00,0.00,1152,80
2026-03-01,"Indian Overseas Bank Apps",Challengers,0.10,33.63,0.00,0.00,3363,80
2026-03-01,Cheq,Challengers,0.08,7.18,0.00,0.00,898,82
2026-03-01,"Bank of Maharashtra Apps",Challengers,0.08,30.38,0.00,0.00,3798,82
2026-03-01,"Equitas Small Finance Bank Apps",Challengers,0.07,19.58,0.00,0.00,2797,84
2026-03-01,"Curie Money",Challengers,0.06,3.89,0.00,0.00,648,85
2026-03-01,Fave,Challengers,0.06,10.78,0.00,0.00,1797,85
2026-03-01,"Unity Small Finance Bank Apps",Challengers,0.06,15.04,0.00,0.00,2507,85
2026-03-01,Ultracash,Challengers,0.05,3.97,0.00,0.00,794,88
2026-03-01,LXME,Challengers,0.05,4.01,0.00,0.00,802,88
2026-03-01,ZET,Challengers,0.03,2.53,0.00,0.00,843,90
2026-03-01,"Punjab Sind Bank Apps",Challengers,0.03,13.83,0.00,0.00,4610,90
2026-04-01,PhonePe,PhonePe,10330.30,1431722.56,46.23,49.32,1386,1
2026-04-01,"Google Pay","Google Pay",7359.44,972068.42,32.93,33.49,1321,2
2026-04-01,Paytm,Paytm,1778.06,194317.77,7.96,6.69,1093,3
2026-04-01,Navi,Challengers,801.87,42683.85,3.59,1.47,532,4
2026-04-01,super.money,Challengers,369.41,16365.13,1.65,0.56,443,5
2026-04-01,BHIM,Challengers,210.17,25198.44,0.94,0.87,1199,6
2026-04-01,"FamApp by Trio",Challengers,182.87,2503.31,0.82,0.09,137,7
2026-04-01,CRED,Challengers,157.51,56569.08,0.70,1.95,3591,8
2026-04-01,WhatsApp,Challengers,138.69,10498.22,0.62,0.36,757,9
2026-04-01,"Axis Bank Apps",Challengers,125.81,10253.66,0.56,0.35,815,10
2026-04-01,"Kotak Mahindra Bank Apps",Challengers,116.19,13895.16,0.52,0.48,1196,11
2026-04-01,"Amazon Pay",Challengers,83.77,10067.74,0.37,0.35,1202,12
2026-04-01,Mobikwik,Challengers,80.16,9186.34,0.36,0.32,1146,13
2026-04-01,"HDFC Bank Apps",Challengers,66.83,16551.15,0.30,0.57,2477,14
2026-04-01,"ICICI Bank Apps",Challengers,61.96,21366.17,0.28,0.74,3448,15
2026-04-01,"Slice Small Finance Bank Apps",Challengers,55.68,5155.98,0.25,0.18,926,16
2026-04-01,"Yes Bank Apps",Challengers,46.52,7103.20,0.21,0.24,1527,17
2026-04-01,"IDFC Bank Apps",Challengers,26.86,3614.87,0.12,0.12,1346,18
2026-04-01,"Airtel Payments Bank Apps",Challengers,19.71,2144.91,0.09,0.07,1088,19
2026-04-01,"State Bank of India Apps",Challengers,19.07,5658.77,0.09,0.19,2967,20
2026-04-01,"India Post Payments Bank Apps",Challengers,17.19,1968.16,0.08,0.07,1145,21
2026-04-01,Groww,Challengers,14.66,12631.62,0.07,0.44,8616,22
2026-04-01,"Bajaj Finserv",Challengers,14.39,3027.38,0.06,0.10,2104,23
2026-04-01,"Unity Small Finance Bank Apps",Challengers,12.68,1595.48,0.06,0.05,1258,24
2026-04-01,"Samsung Pay",Challengers,10.82,719.62,0.05,0.02,665,25
2026-04-01,"Federal Bank Apps",Challengers,7.83,2957.86,0.04,0.10,3778,26
2026-04-01,"Jio Payments Bank Apps",Challengers,7.32,471.07,0.03,0.02,644,27
2026-04-01,KreditBee,Challengers,7.00,159.17,0.03,0.01,227,28
2026-04-01,"RBL Bank Apps",Challengers,6.91,3763.82,0.03,0.13,5447,29
2026-04-01,"POP UPI",Challengers,6.89,579.41,0.03,0.02,841,30
2026-04-01,"Jupiter Money",Challengers,5.54,914.66,0.02,0.03,1651,31
2026-04-01,"Deutsche Bank Apps",Challengers,4.78,906.02,0.02,0.03,1895,32
2026-04-01,"Ind Money",Challengers,3.88,1238.39,0.02,0.04,3192,33
2026-04-01,"Jammu and Kashmir Bank Apps",Challengers,3.64,514.72,0.02,0.02,1414,34
2026-04-01,"Money View",Challengers,3.50,239.40,0.02,0.01,684,35
2026-04-01,"Canara Bank Apps",Challengers,3.34,1014.38,0.01,0.03,3037,36
2026-04-01,"Flipkart UPI",Challengers,2.91,127.70,0.01,0.00,439,37
2026-04-01,"Suryoday Bank Apps",Challengers,2.69,15.55,0.01,0.00,58,38
2026-04-01,Kiwi,Challengers,2.41,461.49,0.01,0.02,1915,39
2026-04-01,"Bharat Pe",Challengers,2.30,236.53,0.01,0.01,1028,40
2026-04-01,"Omni Card",Challengers,1.94,103.45,0.01,0.00,533,41
2026-04-01,"Indian Bank Apps",Challengers,1.69,508.22,0.01,0.02,3007,42
2026-04-01,"Punjab National Bank Apps",Challengers,1.66,469.09,0.01,0.02,2826,43
2026-04-01,"Bank of Baroda Apps",Challengers,1.62,493.97,0.01,0.02,3049,44
2026-04-01,"HSBC Bank Apps",Challengers,1.58,179.83,0.01,0.01,1138,45
2026-04-01,Digikhata,Challengers,1.53,556.24,0.01,0.02,3636,46
2026-04-01,"IndusInd Bank Apps",Challengers,1.43,235.26,0.01,0.01,1645,47
2026-04-01,Freo,Challengers,1.37,147.19,0.01,0.01,1074,48
2026-04-01,Jar,Challengers,1.04,27.14,0.00,0.00,261,49
2026-04-01,"Union Bank Apps",Challengers,1.03,320.20,0.00,0.01,3109,50
2026-04-01,"AU Small Finance Bank Apps",Challengers,0.99,314.38,0.00,0.01,3176,51
2026-04-01,"Aditya Birla Capital Digital",Challengers,0.97,20.83,0.00,0.00,215,52
2026-04-01,"Standard Chartered Bank Apps",Challengers,0.94,167.85,0.00,0.01,1786,53
2026-04-01,"South Indian Bank Apps",Challengers,0.89,289.27,0.00,0.01,3250,54
2026-04-01,"Kredit Pe",Challengers,0.85,66.29,0.00,0.00,780,55
2026-04-01,Timepay,Challengers,0.82,17.94,0.00,0.00,219,56
2026-04-01,"Salary Se",Challengers,0.79,59.77,0.00,0.00,757,57
2026-04-01,"Fino Payments Bank Apps",Challengers,0.62,59.81,0.00,0.00,965,58
2026-04-01,"UCO Bank Apps",Challengers,0.61,174.27,0.00,0.01,2857,59
2026-04-01,"DBS Digibank Apps",Challengers,0.55,202.63,0.00,0.01,3684,60
2026-04-01,Rapipay,Challengers,0.55,32.36,0.00,0.00,588,60
2026-04-01,"Central Bank of India Apps",Challengers,0.53,188.97,0.00,0.01,3565,62
2026-04-01,"Shri Ram One",Challengers,0.53,60.60,0.00,0.00,1143,62
2026-04-01,"One Card",Challengers,0.53,633.09,0.00,0.02,11945,62
2026-04-01,"Fi Money",Challengers,0.49,98.10,0.00,0.00,2002,65
2026-04-01,"Spice Money",Challengers,0.43,37.82,0.00,0.00,880,66
2026-04-01,"Saathi by PayNearBy",Challengers,0.38,46.10,0.00,0.00,1213,67
2026-04-01,"Tata Pay",Challengers,0.32,91.04,0.00,0.00,2845,68
2026-04-01,"Bank of India Apps",Challengers,0.31,113.82,0.00,0.00,3672,69
2026-04-01,"NSDL Payments Bank Apps",Challengers,0.28,182.70,0.00,0.01,6525,70
2026-04-01,Obopay,Challengers,0.24,39.68,0.00,0.00,1653,71
2026-04-01,"IDBI Bank Apps",Challengers,0.24,120.32,0.00,0.00,5013,71
2026-04-01,"Karnataka Bank Apps",Challengers,0.24,62.75,0.00,0.00,2615,71
2026-04-01,"City Union Bank Apps",Challengers,0.18,32.81,0.00,0.00,1823,74
2026-04-01,Dhani,Challengers,0.16,8.09,0.00,0.00,506,75
2026-04-01,"True Balance",Challengers,0.16,5.61,0.00,0.00,351,75
2026-04-01,"Karur Vysya Bank Apps",Challengers,0.13,44.70,0.00,0.00,3438,77
2026-04-01,"Tamilnad Mercantile Bank Apps",Challengers,0.10,42.71,0.00,0.00,4271,78
2026-04-01,"Indian Overseas Bank Apps",Challengers,0.09,32.03,0.00,0.00,3559,79
2026-04-01,Payworld,Challengers,0.09,7.77,0.00,0.00,863,79
2026-04-01,"Bank of Maharashtra Apps",Challengers,0.08,32.15,0.00,0.00,4019,81
2026-04-01,LXME,Challengers,0.07,4.92,0.00,0.00,703,82
2026-04-01,Fave,Challengers,0.07,12.46,0.00,0.00,1780,82
2026-04-01,"Curie Money",Challengers,0.07,4.44,0.00,0.00,634,82
2026-04-01,"Equitas Small Finance Bank Apps",Challengers,0.06,17.97,0.00,0.00,2995,85
2026-04-01,Scapia,Challengers,0.05,24.74,0.00,0.00,4948,86
2026-04-01,Cheq,Challengers,0.05,4.40,0.00,0.00,880,86
2026-04-01,Ultracash,Challengers,0.05,4.03,0.00,0.00,806,86
2026-04-01,ZET,Challengers,0.03,2.61,0.00,0.00,870,89
2026-04-01,"Punjab Sind Bank Apps",Challengers,0.03,14.45,0.00,0.00,4817,89
2026-05-01,PhonePe,PhonePe,10734.58,1467168.63,46.27,49.06,1367,1
2026-05-01,"Google Pay","Google Pay",7598.37,1002878.34,32.75,33.54,1320,2
2026-05-01,Paytm,Paytm,1836.02,199103.37,7.91,6.66,1084,3
2026-05-01,Navi,Challengers,824.11,43601.66,3.55,1.46,529,4
2026-05-01,super.money,Challengers,418.84,19422.73,1.81,0.65,464,5
2026-05-01,BHIM,Challengers,227.49,26013.59,0.98,0.87,1144,6
2026-05-01,"FamApp by Trio",Challengers,197.32,2738.59,0.85,0.09,139,7
2026-05-01,CRED,Challengers,157.19,61002.44,0.68,2.04,3881,8
2026-05-01,WhatsApp,Challengers,150.43,11425.02,0.65,0.38,759,9
2026-05-01,"Axis Bank Apps",Challengers,134.20,13185.15,0.58,0.44,983,10
2026-05-01,"Kotak Mahindra Bank Apps",Challengers,121.80,14336.15,0.52,0.48,1177,11
2026-05-01,"Amazon Pay",Challengers,87.34,10634.56,0.38,0.36,1218,12
2026-05-01,Mobikwik,Challengers,81.40,9626.57,0.35,0.32,1183,13
2026-05-01,"HDFC Bank Apps",Challengers,66.19,17328.80,0.29,0.58,2618,14
2026-05-01,"Slice Small Finance Bank Apps",Challengers,61.36,5558.18,0.26,0.19,906,15
2026-05-01,"Yes Bank Apps",Challengers,49.63,7634.86,0.21,0.26,1538,16
2026-05-01,"ICICI Bank Apps",Challengers,47.89,21846.00,0.21,0.73,4562,17
2026-05-01,"IDFC Bank Apps",Challengers,45.93,3900.77,0.20,0.13,849,18
2026-05-01,"State Bank of India Apps",Challengers,21.72,6042.86,0.09,0.20,2782,19
2026-05-01,"Unity Small Finance Bank Apps",Challengers,19.00,2651.60,0.08,0.09,1396,20
2026-05-01,"Airtel Payments Bank Apps",Challengers,18.49,1982.99,0.08,0.07,1072,21
2026-05-01,"India Post Payments Bank Apps",Challengers,17.77,2010.23,0.08,0.07,1131,22
2026-05-01,"Bajaj Finserv",Challengers,14.96,3212.14,0.06,0.11,2147,23
2026-05-01,Groww,Challengers,14.14,10781.40,0.06,0.36,7625,24
2026-05-01,"Samsung Pay",Challengers,11.08,750.27,0.05,0.03,677,25
2026-05-01,KreditBee,Challengers,8.90,178.57,0.04,0.01,201,26
2026-05-01,"Federal Bank Apps",Challengers,8.05,3194.15,0.03,0.11,3968,27
2026-05-01,"Jio Payments Bank Apps",Challengers,7.21,464.12,0.03,0.02,644,28
2026-05-01,"POP UPI",Challengers,6.97,668.60,0.03,0.02,959,29
2026-05-01,"Jupiter Money",Challengers,5.52,943.28,0.02,0.03,1709,30
2026-05-01,"Deutsche Bank Apps",Challengers,4.71,941.98,0.02,0.03,2000,31
2026-05-01,"Jammu and Kashmir Bank Apps",Challengers,4.30,585.98,0.02,0.02,1363,32
2026-05-01,"Money View",Challengers,3.97,282.43,0.02,0.01,711,33
2026-05-01,"Ind Money",Challengers,3.94,1300.04,0.02,0.04,3300,34
2026-05-01,"Canara Bank Apps",Challengers,3.82,1091.47,0.02,0.04,2857,35
2026-05-01,"RBL Bank Apps",Challengers,3.51,3036.90,0.02,0.10,8652,36
2026-05-01,"Flipkart UPI",Challengers,3.50,148.13,0.02,0.00,423,37
2026-05-01,"Bharat Pe",Challengers,2.52,266.12,0.01,0.01,1056,38
2026-05-01,Kiwi,Challengers,2.46,511.62,0.01,0.02,2080,39
2026-05-01,"Suryoday Bank Apps",Challengers,2.11,15.62,0.01,0.00,74,40
2026-05-01,"Omni Card",Challengers,1.91,103.33,0.01,0.00,541,41
2026-05-01,"Punjab National Bank Apps",Challengers,1.86,522.28,0.01,0.02,2808,42
2026-05-01,"Bank of Baroda Apps",Challengers,1.73,501.14,0.01,0.02,2897,43
2026-05-01,"Indian Bank Apps",Challengers,1.72,492.00,0.01,0.02,2860,44
2026-05-01,"Standard Chartered Bank Apps",Challengers,1.69,258.04,0.01,0.01,1527,45
2026-05-01,"HSBC Bank Apps",Challengers,1.63,194.30,0.01,0.01,1192,46
2026-05-01,Digikhata,Challengers,1.58,553.34,0.01,0.02,3502,47
2026-05-01,"IndusInd Bank Apps",Challengers,1.17,215.21,0.01,0.01,1839,48
2026-05-01,Jar,Challengers,1.06,31.76,0.00,0.00,300,49
2026-05-01,Timepay,Challengers,1.02,18.08,0.00,0.00,177,50
2026-05-01,"Union Bank Apps",Challengers,1.00,310.34,0.00,0.01,3103,51
2026-05-01,"AU Small Finance Bank Apps",Challengers,0.97,304.17,0.00,0.01,3136,52
2026-05-01,"South Indian Bank Apps",Challengers,0.94,299.51,0.00,0.01,3186,53
2026-05-01,"Aditya Birla Capital Digital",Challengers,0.91,20.37,0.00,0.00,224,54
2026-05-01,"Salary Se",Challengers,0.84,78.85,0.00,0.00,939,55
2026-05-01,"Kredit Pe",Challengers,0.80,67.71,0.00,0.00,846,56
2026-05-01,Freo,Challengers,0.74,86.10,0.00,0.00,1164,57
2026-05-01,"Fino Payments Bank Apps",Challengers,0.72,66.56,0.00,0.00,924,58
2026-05-01,"UCO Bank Apps",Challengers,0.64,173.06,0.00,0.01,2704,59
2026-05-01,"Shri Ram One",Challengers,0.58,67.35,0.00,0.00,1161,60
2026-05-01,Rapipay,Challengers,0.58,33.52,0.00,0.00,578,60
2026-05-01,"DBS Digibank Apps",Challengers,0.57,209.67,0.00,0.01,3678,62
2026-05-01,"Central Bank of India Apps",Challengers,0.56,195.17,0.00,0.01,3485,63
2026-05-01,"One Card",Challengers,0.55,675.77,0.00,0.02,12287,64
2026-05-01,"Spice Money",Challengers,0.46,38.68,0.00,0.00,841,65
2026-05-01,"Tata Pay",Challengers,0.36,106.92,0.00,0.00,2970,66
2026-05-01,"Saathi by PayNearBy",Challengers,0.31,40.03,0.00,0.00,1291,67
2026-05-01,"Bank of India Apps",Challengers,0.31,111.41,0.00,0.00,3594,67
2026-05-01,Obopay,Challengers,0.29,46.01,0.00,0.00,1587,69
2026-05-01,"Karnataka Bank Apps",Challengers,0.26,70.11,0.00,0.00,2697,70
2026-05-01,"NSDL Payments Bank Apps",Challengers,0.26,19.30,0.00,0.00,742,70
2026-05-01,"IDBI Bank Apps",Challengers,0.24,117.73,0.00,0.00,4905,72
2026-05-01,"True Balance",Challengers,0.21,7.56,0.00,0.00,360,73
2026-05-01,"City Union Bank Apps",Challengers,0.17,63.07,0.00,0.00,3710,74
2026-05-01,Scapia,Challengers,0.16,65.90,0.00,0.00,4119,75
2026-05-01,Dhani,Challengers,0.16,7.93,0.00,0.00,496,75
2026-05-01,"Karur Vysya Bank Apps",Challengers,0.13,43.34,0.00,0.00,3334,77
2026-05-01,"Tamilnad Mercantile Bank Apps",Challengers,0.11,44.44,0.00,0.00,4040,78
2026-05-01,"Bank of Maharashtra Apps",Challengers,0.10,35.72,0.00,0.00,3572,79
2026-05-01,Fave,Challengers,0.08,15.21,0.00,0.00,1901,80
2026-05-01,"Indian Overseas Bank Apps",Challengers,0.08,28.22,0.00,0.00,3528,80
2026-05-01,"Equitas Small Finance Bank Apps",Challengers,0.08,20.98,0.00,0.00,2623,80
2026-05-01,Payworld,Challengers,0.07,6.79,0.00,0.00,970,83
2026-05-01,"Curie Money",Challengers,0.06,4.17,0.00,0.00,695,84
2026-05-01,LXME,Challengers,0.06,5.09,0.00,0.00,848,84
2026-05-01,Ultracash,Challengers,0.05,4.15,0.00,0.00,830,86
2026-05-01,Cheq,Challengers,0.04,3.87,0.00,0.00,968,87
2026-05-01,"Punjab Sind Bank Apps",Challengers,0.03,15.30,0.00,0.00,5100,88
2026-05-01,ZET,Challengers,0.03,2.75,0.00,0.00,917,88
2026-05-01,Rediff,Challengers,0.02,5.32,0.00,0.00,2660,90
2026-06-01,PhonePe,PhonePe,10483.73,1419193.39,46.15,49.07,1354,1
2026-06-01,"Google Pay","Google Pay",7407.71,967055.79,32.61,33.44,1305,2
2026-06-01,Paytm,Paytm,1798.84,192617.38,7.92,6.66,1071,3
2026-06-01,Navi,Challengers,842.51,43948.56,3.71,1.52,522,4
2026-06-01,super.money,Challengers,430.24,20252.40,1.89,0.70,471,5
2026-06-01,BHIM,Challengers,223.54,25612.81,0.98,0.89,1146,6
2026-06-01,"FamApp by Trio",Challengers,195.31,2666.23,0.86,0.09,137,7
2026-06-01,WhatsApp,Challengers,150.48,11391.85,0.66,0.39,757,8
2026-06-01,CRED,Challengers,141.78,55116.79,0.62,1.91,3887,9
2026-06-01,"Axis Bank Apps",Challengers,136.16,13120.62,0.60,0.45,964,10
2026-06-01,"Kotak Mahindra Bank Apps",Challengers,122.08,14847.89,0.54,0.51,1216,11
2026-06-01,"Amazon Pay",Challengers,84.20,10157.17,0.37,0.35,1206,12
2026-06-01,Mobikwik,Challengers,68.67,8115.02,0.30,0.28,1182,13
2026-06-01,"HDFC Bank Apps",Challengers,65.57,17044.38,0.29,0.59,2599,14
2026-06-01,"Slice Small Finance Bank Apps",Challengers,64.61,5641.79,0.28,0.20,873,15
2026-06-01,"Yes Bank Apps",Challengers,48.21,7535.72,0.21,0.26,1563,16
2026-06-01,"ICICI Bank Apps",Challengers,47.95,21800.48,0.21,0.75,4547,17
2026-06-01,"IDFC Bank Apps",Challengers,46.17,3707.09,0.20,0.13,803,18
2026-06-01,"State Bank of India Apps",Challengers,23.15,5977.73,0.10,0.21,2582,19
2026-06-01,"Unity Small Finance Bank Apps",Challengers,19.31,2290.93,0.09,0.08,1186,20
2026-06-01,"India Post Payments Bank Apps",Challengers,17.54,1929.27,0.08,0.07,1100,21
2026-06-01,"Airtel Payments Bank Apps",Challengers,15.84,1527.15,0.07,0.05,964,22
2026-06-01,"Bajaj Finserv",Challengers,15.40,3404.91,0.07,0.12,2211,23
2026-06-01,Groww,Challengers,14.75,11613.02,0.06,0.40,7873,24
2026-06-01,KreditBee,Challengers,11.34,217.15,0.05,0.01,191,25
2026-06-01,"Samsung Pay",Challengers,10.49,721.42,0.05,0.02,688,26
2026-06-01,"Federal Bank Apps",Challengers,8.41,3019.86,0.04,0.10,3591,27
2026-06-01,"POP UPI",Challengers,7.56,744.84,0.03,0.03,985,28
2026-06-01,"Jio Payments Bank Apps",Challengers,6.71,423.91,0.03,0.01,632,29
2026-06-01,"Money View",Challengers,5.15,388.96,0.02,0.01,755,30
2026-06-01,"Jupiter Money",Challengers,5.03,839.64,0.02,0.03,1669,31
2026-06-01,"Deutsche Bank Apps",Challengers,4.78,880.90,0.02,0.03,1843,32
2026-06-01,"Jammu and Kashmir Bank Apps",Challengers,4.20,564.63,0.02,0.02,1344,33
2026-06-01,"Canara Bank Apps",Challengers,3.98,1116.08,0.02,0.04,2804,34
2026-06-01,"Ind Money",Challengers,3.58,1340.71,0.02,0.05,3745,35
2026-06-01,"RBL Bank Apps",Challengers,3.35,2682.12,0.01,0.09,8006,36
2026-06-01,"Flipkart UPI",Challengers,3.18,127.17,0.01,0.00,400,37
2026-06-01,"Bharat Pe",Challengers,2.69,288.60,0.01,0.01,1073,38
2026-06-01,Kiwi,Challengers,2.38,477.97,0.01,0.02,2008,39
2026-06-01,"Suryoday Bank Apps",Challengers,2.15,20.84,0.01,0.00,97,40
2026-06-01,"Standard Chartered Bank Apps",Challengers,2.02,226.81,0.01,0.01,1123,41
2026-06-01,"Punjab National Bank Apps",Challengers,2.02,545.92,0.01,0.02,2703,41
2026-06-01,"Omni Card",Challengers,1.76,97.84,0.01,0.00,556,43
2026-06-01,"Indian Bank Apps",Challengers,1.75,501.10,0.01,0.02,2863,44
2026-06-01,"Bank of Baroda Apps",Challengers,1.72,493.13,0.01,0.02,2867,45
2026-06-01,Digikhata,Challengers,1.56,542.89,0.01,0.02,3480,46
2026-06-01,"HSBC Bank Apps",Challengers,1.52,174.23,0.01,0.01,1146,47
2026-06-01,Timepay,Challengers,1.14,20.21,0.01,0.00,177,48
2026-06-01,"IndusInd Bank Apps",Challengers,1.11,211.59,0.00,0.01,1906,49
2026-06-01,"Union Bank Apps",Challengers,0.98,313.93,0.00,0.01,3203,50
2026-06-01,"AU Small Finance Bank Apps",Challengers,0.97,308.72,0.00,0.01,3183,51
2026-06-01,"South Indian Bank Apps",Challengers,0.93,293.53,0.00,0.01,3156,52
2026-06-01,"Aditya Birla Capital Digital",Challengers,0.83,16.86,0.00,0.00,203,53
2026-06-01,"Fino Payments Bank Apps",Challengers,0.77,69.04,0.00,0.00,897,54
2026-06-01,"Salary Se",Challengers,0.74,79.28,0.00,0.00,1071,55
2026-06-01,Jar,Challengers,0.74,17.32,0.00,0.00,234,55
2026-06-01,"Kredit Pe",Challengers,0.73,63.33,0.00,0.00,868,57
2026-06-01,"UCO Bank Apps",Challengers,0.66,175.86,0.00,0.01,2665,58
2026-06-01,"DBS Digibank Apps",Challengers,0.56,202.67,0.00,0.01,3619,59
2026-06-01,"Shri Ram One",Challengers,0.56,57.90,0.00,0.00,1034,59
2026-06-01,"Central Bank of India Apps",Challengers,0.55,193.29,0.00,0.01,3514,61
2026-06-01,Rapipay,Challengers,0.53,28.99,0.00,0.00,547,62
2026-06-01,"One Card",Challengers,0.49,598.38,0.00,0.02,12212,63
2026-06-01,"Spice Money",Challengers,0.47,38.49,0.00,0.00,819,64
2026-06-01,"Tata Pay",Challengers,0.34,93.12,0.00,0.00,2739,65
2026-06-01,Obopay,Challengers,0.33,50.74,0.00,0.00,1538,66
2026-06-01,"Bank of India Apps",Challengers,0.32,114.40,0.00,0.00,3575,67
2026-06-01,"NSDL Payments Bank Apps",Challengers,0.25,19.92,0.00,0.00,797,68
2026-06-01,"Karnataka Bank Apps",Challengers,0.25,68.72,0.00,0.00,2749,68
2026-06-01,"Saathi by PayNearBy",Challengers,0.24,31.47,0.00,0.00,1311,70
2026-06-01,Scapia,Challengers,0.23,102.83,0.00,0.00,4471,71
2026-06-01,"IDBI Bank Apps",Challengers,0.23,117.01,0.00,0.00,5087,71
2026-06-01,"City Union Bank Apps",Challengers,0.15,109.06,0.00,0.00,7271,73
2026-06-01,"Karur Vysya Bank Apps",Challengers,0.13,46.32,0.00,0.00,3563,74
2026-06-01,Dhani,Challengers,0.12,6.00,0.00,0.00,500,75
2026-06-01,Freo,Challengers,0.12,27.01,0.00,0.00,2251,75
2026-06-01,"Bank of Maharashtra Apps",Challengers,0.11,38.95,0.00,0.00,3541,77
2026-06-01,Fave,Challengers,0.10,20.06,0.00,0.00,2006,78
2026-06-01,"Tamilnad Mercantile Bank Apps",Challengers,0.10,41.96,0.00,0.00,4196,78
2026-06-01,Jummp,Challengers,0.09,4.73,0.00,0.00,526,80
2026-06-01,"True Balance",Challengers,0.08,2.86,0.00,0.00,358,81
2026-06-01,"Equitas Small Finance Bank Apps",Challengers,0.08,22.17,0.00,0.00,2771,81
2026-06-01,"Indian Overseas Bank Apps",Challengers,0.08,27.89,0.00,0.00,3486,81
2026-06-01,Payworld,Challengers,0.06,6.37,0.00,0.00,1062,84
2026-06-01,"Curie Money",Challengers,0.06,4.33,0.00,0.00,722,84
2026-06-01,LXME,Challengers,0.06,4.49,0.00,0.00,748,84
2026-06-01,SnapMint,Challengers,0.04,1.62,0.00,0.00,405,87
2026-06-01,Cheq,Challengers,0.04,3.76,0.00,0.00,940,87
2026-06-01,"Punjab Sind Bank Apps",Challengers,0.03,15.77,0.00,0.00,5257,89
2026-06-01,ZET,Challengers,0.03,2.85,0.00,0.00,950,89
2026-06-01,Ultracash,Challengers,0.03,1.81,0.00,0.00,603,89
2026-07-01,PhonePe,PhonePe,10857.91,1443982.58,45.89,48.33,1330,1
2026-07-01,"Google Pay","Google Pay",7649.82,1001101.50,32.33,33.51,1309,2
2026-07-01,Paytm,Paytm,1903.87,204565.74,8.05,6.85,1074,3
2026-07-01,Navi,Challengers,947.08,48318.02,4.00,1.62,510,4
2026-07-01,super.money,Challengers,437.27,20838.19,1.85,0.70,477,5
2026-07-01,BHIM,Challengers,242.27,28632.66,1.02,0.96,1182,6
2026-07-01,"FamApp by Trio",Challengers,206.19,2820.96,0.87,0.09,137,7
2026-07-01,WhatsApp,Challengers,167.89,12957.07,0.71,0.43,772,8
2026-07-01,"Axis Bank Apps",Challengers,143.77,13939.94,0.61,0.47,970,9
2026-07-01,CRED,Challengers,142.10,59278.70,0.60,1.98,4172,10
2026-07-01,"Kotak Mahindra Bank Apps",Challengers,129.03,16316.06,0.55,0.55,1265,11
2026-07-01,"Amazon Pay",Challengers,90.65,10978.29,0.38,0.37,1211,12
2026-07-01,"HDFC Bank Apps",Challengers,70.72,17528.10,0.30,0.59,2479,13
2026-07-01,"Slice Small Finance Bank Apps",Challengers,70.48,6312.31,0.30,0.21,896,14
2026-07-01,Mobikwik,Challengers,69.18,8234.30,0.29,0.28,1190,15
2026-07-01,"IDFC Bank Apps",Challengers,54.82,4396.42,0.23,0.15,802,16
2026-07-01,"Yes Bank Apps",Challengers,53.53,8179.71,0.23,0.27,1528,17
2026-07-01,"ICICI Bank Apps",Challengers,52.43,22738.18,0.22,0.76,4337,18
2026-07-01,"State Bank of India Apps",Challengers,26.25,6800.75,0.11,0.23,2591,19
2026-07-01,"Unity Small Finance Bank Apps",Challengers,19.83,2448.61,0.08,0.08,1235,20
2026-07-01,"India Post Payments Bank Apps",Challengers,18.94,2084.79,0.08,0.07,1101,21
2026-07-01,"Bajaj Finserv",Challengers,16.12,3626.92,0.07,0.12,2250,22
2026-07-01,Groww,Challengers,15.41,13216.27,0.07,0.44,8576,23
2026-07-01,KreditBee,Challengers,14.84,293.70,0.06,0.01,198,24
2026-07-01,"Airtel Payments Bank Apps",Challengers,14.10,1249.17,0.06,0.04,886,25
2026-07-01,"Samsung Pay",Challengers,10.60,750.73,0.04,0.03,708,26
2026-07-01,"POP UPI",Challengers,10.28,967.65,0.04,0.03,941,27
2026-07-01,"Federal Bank Apps",Challengers,9.73,3403.51,0.04,0.11,3498,28
2026-07-01,"Jio Payments Bank Apps",Challengers,6.34,407.11,0.03,0.01,642,29
2026-07-01,"Money View",Challengers,6.13,469.27,0.03,0.02,766,30
2026-07-01,"Jupiter Money",Challengers,5.08,853.38,0.02,0.03,1680,31
2026-07-01,"Deutsche Bank Apps",Challengers,4.75,980.39,0.02,0.03,2064,32
2026-07-01,"Jammu and Kashmir Bank Apps",Challengers,4.59,606.35,0.02,0.02,1321,33
2026-07-01,"Canara Bank Apps",Challengers,4.24,1186.82,0.02,0.04,2799,34
2026-07-01,"Flipkart UPI",Challengers,3.47,140.94,0.01,0.00,406,35
2026-07-01,"RBL Bank Apps",Challengers,3.38,2696.94,0.01,0.09,7979,36
2026-07-01,"Ind Money",Challengers,3.31,1222.72,0.01,0.04,3694,37
2026-07-01,"Bharat Pe",Challengers,3.26,344.64,0.01,0.01,1057,38
2026-07-01,Kiwi,Challengers,2.55,560.53,0.01,0.02,2198,39
2026-07-01,"Punjab National Bank Apps",Challengers,2.14,591.34,0.01,0.02,2763,40
2026-07-01,"Indian Bank Apps",Challengers,1.94,520.85,0.01,0.02,2685,41
2026-07-01,"Bank of Baroda Apps",Challengers,1.85,530.25,0.01,0.02,2866,42
2026-07-01,"Omni Card",Challengers,1.83,102.19,0.01,0.00,558,43
2026-07-01,"Standard Chartered Bank Apps",Challengers,1.71,186.48,0.01,0.01,1091,44
2026-07-01,Digikhata,Challengers,1.59,556.72,0.01,0.02,3501,45
2026-07-01,"HSBC Bank Apps",Challengers,1.49,196.10,0.01,0.01,1316,46
2026-07-01,Timepay,Challengers,1.34,24.38,0.01,0.00,182,47
2026-07-01,"IndusInd Bank Apps",Challengers,1.20,214.05,0.01,0.01,1784,48
2026-07-01,"South Indian Bank Apps",Challengers,1.05,321.84,0.00,0.01,3065,49
2026-07-01,"AU Small Finance Bank Apps",Challengers,1.04,322.36,0.00,0.01,3100,50
2026-07-01,"Union Bank Apps",Challengers,1.03,351.03,0.00,0.01,3408,51
2026-07-01,"Salary Se",Challengers,0.85,103.43,0.00,0.00,1217,52
2026-07-01,"Aditya Birla Capital Digital",Challengers,0.84,13.50,0.00,0.00,161,53
2026-07-01,"Shri Ram One",Challengers,0.74,48.49,0.00,0.00,655,54
2026-07-01,"Fino Payments Bank Apps",Challengers,0.74,65.61,0.00,0.00,887,54
2026-07-01,"Suryoday Bank Apps",Challengers,0.74,22.34,0.00,0.00,302,54
2026-07-01,"UCO Bank Apps",Challengers,0.69,185.37,0.00,0.01,2687,57
2026-07-01,"Kredit Pe",Challengers,0.68,63.34,0.00,0.00,931,58
2026-07-01,Jar,Challengers,0.65,14.36,0.00,0.00,221,59
2026-07-01,Rapipay,Challengers,0.65,35.13,0.00,0.00,540,59
2026-07-01,"Central Bank of India Apps",Challengers,0.63,209.46,0.00,0.01,3325,61
2026-07-01,"DBS Digibank Apps",Challengers,0.59,202.22,0.00,0.01,3427,62
2026-07-01,"One Card",Challengers,0.51,609.35,0.00,0.02,11948,63
2026-07-01,"Spice Money",Challengers,0.42,35.89,0.00,0.00,855,64
2026-07-01,Obopay,Challengers,0.39,59.55,0.00,0.00,1527,65
2026-07-01,"Bank of India Apps",Challengers,0.34,120.01,0.00,0.00,3530,66
2026-07-01,Scapia,Challengers,0.32,155.60,0.00,0.01,4863,67
2026-07-01,"NSDL Payments Bank Apps",Challengers,0.29,20.69,0.00,0.00,713,68
2026-07-01,"Karnataka Bank Apps",Challengers,0.28,76.43,0.00,0.00,2730,69
2026-07-01,"IDBI Bank Apps",Challengers,0.27,137.77,0.00,0.00,5103,70
2026-07-01,"Saathi by PayNearBy",Challengers,0.24,37.33,0.00,0.00,1555,71
2026-07-01,SnapMint,Challengers,0.22,20.06,0.00,0.00,912,72
2026-07-01,"Tata Pay",Challengers,0.20,50.26,0.00,0.00,2513,73
2026-07-01,"City Union Bank Apps",Challengers,0.16,145.30,0.00,0.00,9081,74
2026-07-01,"Bank of Maharashtra Apps",Challengers,0.14,47.44,0.00,0.00,3389,75
2026-07-01,"Karur Vysya Bank Apps",Challengers,0.14,48.74,0.00,0.00,3481,75
2026-07-01,Dhani,Challengers,0.13,7.43,0.00,0.00,572,77
2026-07-01,Fave,Challengers,0.12,23.26,0.00,0.00,1938,78
2026-07-01,"Tamilnad Mercantile Bank Apps",Challengers,0.12,45.14,0.00,0.00,3762,78
2026-07-01,"True Balance",Challengers,0.10,3.54,0.00,0.00,354,80
2026-07-01,"Equitas Small Finance Bank Apps",Challengers,0.09,24.99,0.00,0.00,2777,81
2026-07-01,"Indian Overseas Bank Apps",Challengers,0.09,29.51,0.00,0.00,3279,81
2026-07-01,"Curie Money",Challengers,0.07,4.62,0.00,0.00,660,83
2026-07-01,Payworld,Challengers,0.07,7.57,0.00,0.00,1081,83
2026-07-01,Cheq,Challengers,0.06,6.04,0.00,0.00,1007,85
2026-07-01,LXME,Challengers,0.05,4.90,0.00,0.00,980,86
2026-07-01,"Rio Money",Challengers,0.04,1.05,0.00,0.00,263,87
2026-07-01,"Punjab Sind Bank Apps",Challengers,0.03,15.54,0.00,0.00,5180,88
2026-07-01,ZET,Challengers,0.03,2.61,0.00,0.00,870,88
2026-07-01,Jummp,Challengers,0.03,5.49,0.00,0.00,1830,88
2026-07-01,Stashfin,Challengers,0.03,15.77,0.00,0.00,5257,88
2026-07-01,Novio,Challengers,0.02,3.23,0.00,0.00,1615,92
2026-07-01,Unimoni,Challengers,0.02,3.26,0.00,0.00,1630,92
2026-07-01,LivQuik,Challengers,0.02,3.12,0.00,0.00,1560,92
2026-07-01,"Hero Fincorp",Challengers,0.02,7.24,0.00,0.00,3620,92
2026-08-01,PhonePe,PhonePe,11185.10,1426253.67,45.64,47.82,1275,1
2026-08-01,"Google Pay","Google Pay",7907.38,1007463.72,32.26,33.78,1274,2
2026-08-01,Paytm,Paytm,1967.90,204761.41,8.03,6.87,1041,3
2026-08-01,Navi,Challengers,1078.88,52512.85,4.40,1.76,487,4
2026-08-01,super.money,Challengers,421.87,20363.26,1.72,0.68,483,5
2026-08-01,BHIM,Challengers,253.69,28778.19,1.04,0.96,1134,6
2026-08-01,"FamApp by Trio",Challengers,223.31,3022.80,0.91,0.10,135,7
2026-08-01,WhatsApp,Challengers,183.69,13948.48,0.75,0.47,759,8
2026-08-01,"Axis Bank Apps",Challengers,146.78,14023.93,0.60,0.47,955,9
2026-08-01,CRED,Challengers,143.94,57398.05,0.59,1.92,3988,10
2026-08-01,"Kotak Mahindra Bank Apps",Challengers,137.79,17139.08,0.56,0.57,1244,11
2026-08-01,"Amazon Pay",Challengers,95.93,11037.13,0.39,0.37,1151,12
2026-08-01,"Slice Small Finance Bank Apps",Challengers,78.55,6993.52,0.32,0.23,890,13
2026-08-01,"HDFC Bank Apps",Challengers,71.99,17803.18,0.29,0.60,2473,14
2026-08-01,Mobikwik,Challengers,68.61,8083.03,0.28,0.27,1178,15
2026-08-01,"ICICI Bank Apps",Challengers,63.60,22343.65,0.26,0.75,3513,16
2026-08-01,"IDFC Bank Apps",Challengers,53.07,4719.34,0.22,0.16,889,17
2026-08-01,"Yes Bank Apps",Challengers,50.53,9003.47,0.21,0.30,1782,18
2026-08-01,"State Bank of India Apps",Challengers,29.57,7162.74,0.12,0.24,2422,19
2026-08-01,"Unity Small Finance Bank Apps",Challengers,20.35,2483.47,0.08,0.08,1220,20
2026-08-01,"India Post Payments Bank Apps",Challengers,18.79,1999.14,0.08,0.07,1064,21
2026-08-01,KreditBee,Challengers,17.24,384.97,0.07,0.01,223,22
2026-08-01,"Bajaj Finserv",Challengers,16.52,3806.13,0.07,0.13,2304,23
2026-08-01,"POP UPI",Challengers,15.26,1252.78,0.06,0.04,821,24
2026-08-01,Groww,Challengers,14.86,11757.57,0.06,0.39,7912,25
2026-08-01,"Airtel Payments Bank Apps",Challengers,14.66,1262.88,0.06,0.04,861,26
2026-08-01,"Samsung Pay",Challengers,10.58,730.93,0.04,0.02,691,27
2026-08-01,"Federal Bank Apps",Challengers,10.20,3161.72,0.04,0.11,3100,28
2026-08-01,"Money View",Challengers,5.91,465.65,0.02,0.02,788,29
2026-08-01,"Jio Payments Bank Apps",Challengers,5.53,355.84,0.02,0.01,643,30
2026-08-01,"Jupiter Money",Challengers,5.10,834.52,0.02,0.03,1636,31
2026-08-01,"Deutsche Bank Apps",Challengers,4.99,1062.38,0.02,0.04,2129,32
2026-08-01,"Jammu and Kashmir Bank Apps",Challengers,4.58,624.28,0.02,0.02,1363,33
2026-08-01,"Canara Bank Apps",Challengers,4.31,1195.31,0.02,0.04,2773,34
2026-08-01,"Flipkart UPI",Challengers,3.60,145.41,0.01,0.00,404,35
2026-08-01,"RBL Bank Apps",Challengers,3.30,2653.88,0.01,0.09,8042,36
2026-08-01,"Bharat Pe",Challengers,3.13,318.23,0.01,0.01,1017,37
2026-08-01,"Ind Money",Challengers,3.12,1112.62,0.01,0.04,3566,38
2026-08-01,Kiwi,Challengers,2.84,603.39,0.01,0.02,2125,39
2026-08-01,"Punjab National Bank Apps",Challengers,2.45,626.83,0.01,0.02,2558,40
2026-08-01,"IndusInd Bank Apps",Challengers,2.12,219.23,0.01,0.01,1034,41
2026-08-01,"Bank of Baroda Apps",Challengers,2.03,545.58,0.01,0.02,2688,42
2026-08-01,"Indian Bank Apps",Challengers,2.01,525.84,0.01,0.02,2616,43
2026-08-01,"Omni Card",Challengers,1.87,104.04,0.01,0.00,556,44
2026-08-01,Digikhata,Challengers,1.82,585.73,0.01,0.02,3218,45
2026-08-01,Timepay,Challengers,1.31,24.03,0.01,0.00,183,46
2026-08-01,"HSBC Bank Apps",Challengers,1.27,209.12,0.01,0.01,1647,47
2026-08-01,"Aditya Birla Capital Digital",Challengers,1.25,16.05,0.01,0.00,128,48
2026-08-01,"AU Small Finance Bank Apps",Challengers,1.24,365.84,0.01,0.01,2950,49
2026-08-01,"Union Bank Apps",Challengers,1.11,357.83,0.00,0.01,3224,50
2026-08-01,"South Indian Bank Apps",Challengers,1.11,332.96,0.00,0.01,3000,50
2026-08-01,"Shri Ram One",Challengers,1.04,64.26,0.00,0.00,618,52
2026-08-01,"Standard Chartered Bank Apps",Challengers,0.99,133.74,0.00,0.00,1351,53
2026-08-01,"Salary Se",Challengers,0.83,107.33,0.00,0.00,1293,54
2026-08-01,Rapipay,Challengers,0.73,39.71,0.00,0.00,544,55
2026-08-01,"UCO Bank Apps",Challengers,0.72,187.53,0.00,0.01,2605,56
2026-08-01,"Kredit Pe",Challengers,0.63,57.75,0.00,0.00,917,57
2026-08-01,"Fino Payments Bank Apps",Challengers,0.59,56.73,0.00,0.00,962,58
2026-08-01,"One Card",Challengers,0.59,545.40,0.00,0.02,9244,58
2026-08-01,Jar,Challengers,0.58,11.57,0.00,0.00,199,60
2026-08-01,"Central Bank of India Apps",Challengers,0.56,152.26,0.00,0.01,2719,61
2026-08-01,"DBS Digibank Apps",Challengers,0.53,182.03,0.00,0.01,3435,62
2026-08-01,"Spice Money",Challengers,0.45,35.62,0.00,0.00,792,63
2026-08-01,"Tata Pay",Challengers,0.43,99.51,0.00,0.00,2314,64
2026-08-01,Obopay,Challengers,0.43,66.69,0.00,0.00,1551,64
2026-08-01,Scapia,Challengers,0.40,206.26,0.00,0.01,5157,66
2026-08-01,"Bank of India Apps",Challengers,0.37,123.53,0.00,0.00,3339,67
2026-08-01,"Karnataka Bank Apps",Challengers,0.33,86.94,0.00,0.00,2635,68
2026-08-01,"IDBI Bank Apps",Challengers,0.31,151.08,0.00,0.01,4874,69
2026-08-01,"Rio Money",Challengers,0.29,4.01,0.00,0.00,138,70
2026-08-01,"NSDL Payments Bank Apps",Challengers,0.29,20.57,0.00,0.00,709,70
2026-08-01,Cheq,Challengers,0.26,97.96,0.00,0.00,3768,72
2026-08-01,"Suryoday Bank Apps",Challengers,0.20,23.33,0.00,0.00,1167,73
2026-08-01,"City Union Bank Apps",Challengers,0.19,133.25,0.00,0.00,7013,74
2026-08-01,"Saathi by PayNearBy",Challengers,0.16,25.19,0.00,0.00,1574,75
2026-08-01,"Bank of Maharashtra Apps",Challengers,0.16,52.18,0.00,0.00,3261,75
2026-08-01,"Karur Vysya Bank Apps",Challengers,0.14,48.44,0.00,0.00,3460,77
2026-08-01,Dhani,Challengers,0.12,6.62,0.00,0.00,552,78
2026-08-01,Fave,Challengers,0.12,20.92,0.00,0.00,1743,78
2026-08-01,"True Balance",Challengers,0.11,3.80,0.00,0.00,345,80
2026-08-01,"Equitas Small Finance Bank Apps",Challengers,0.09,25.73,0.00,0.00,2859,81
2026-08-01,"Tamilnad Mercantile Bank Apps",Challengers,0.09,34.60,0.00,0.00,3844,81
2026-08-01,"Indian Overseas Bank Apps",Challengers,0.08,27.81,0.00,0.00,3476,83
2026-08-01,Payworld,Challengers,0.08,8.03,0.00,0.00,1004,83
2026-08-01,"Curie Money",Challengers,0.07,6.35,0.00,0.00,907,85
2026-08-01,SnapMint,Challengers,0.05,3.25,0.00,0.00,650,86
2026-08-01,LXME,Challengers,0.05,4.70,0.00,0.00,940,86
2026-08-01,Unimoni,Challengers,0.04,5.97,0.00,0.00,1493,88
2026-08-01,ZET,Challengers,0.04,2.93,0.00,0.00,733,88
2026-08-01,"Punjab Sind Bank Apps",Challengers,0.03,15.76,0.00,0.00,5253,90
2026-08-01,Novio,Challengers,0.03,4.11,0.00,0.00,1370,90
2026-08-01,LivQuik,Challengers,0.02,3.43,0.00,0.00,1715,92
